"UniqueID","Transect","TreeID","species","status_2026_03","Description","meas_date","time_str","height_cm","start.time","CO2_best.flux","CO2_model","CO2_quality.check","CO2_LM.flux","CO2_LM.r2","CO2_LM.p.val","CO2_LM.RMSE","CO2_HM.flux","CO2_HM.r2","CO2_HM.RMSE","CO2_LM.diagnose","CO2_HM.diagnose","CO2_nb.obs","CO2_flux.term","CO2_MDF","CO2_g.fact","CH4_best.flux","CH4_model","CH4_quality.check","CH4_LM.flux","CH4_LM.r2","CH4_LM.p.val","CH4_LM.RMSE","CH4_HM.flux","CH4_HM.r2","CH4_HM.RMSE","CH4_LM.diagnose","CH4_HM.diagnose","CH4_nb.obs","CH4_flux.term","CH4_MDF","CH4_g.fact","Area_cm2","Vtot_L","Tcham_C","Pcham_kPa","allan_sd_CO2","allan_sd_CH4","n_meas_pts","CO2_MDF_native","CH4_MDF_native","t_sec","df_meas","t99","t95","t90","CO2_MDF_manuf","CH4_MDF_manuf","CO2_MDF_wass99","CO2_MDF_wass95","CO2_MDF_wass90","CH4_MDF_wass99","CH4_MDF_wass95","CH4_MDF_wass90","CO2_MDF_chr99","CO2_MDF_chr95","CO2_MDF_chr90","CH4_MDF_chr99","CH4_MDF_chr95","CH4_MDF_chr90","CO2_noise_floor","CH4_noise_floor","CO2_SNR","CH4_SNR","CO2_below_MDF_manuf","CO2_below_MDF_wass99","CO2_below_MDF_chr99","CH4_below_MDF_manuf","CH4_below_MDF_wass99","CH4_below_MDF_chr99"
"T-E20_50cm","E","T-E20","Macucú","special","rotten",2026-05-23,22:05:00,50,2026-05-23 22:05:00,1.56950559271311,"HM",NA,1.48043486921037,0.999596461016991,7.58654272206667e-293,1.8424183358603,1.56950559271311,0.999833429342804,1.18370845345331,NA,NA,178,0.82722410722485,0.016265642557792,1.06016524289937,12.956568391296,"HM",NA,12.1627920005759,0.999620707301836,3.24989687078645e-293,14.6747758872699,12.956568391296,0.999896821036798,7.65384769972536,"Noise (LM.MAE)","Noise (HM.MAE)",178,0.82722410722485,0.00278839586705005,1.06526267905284,600,1.26350382616539,28,101.3,0.641542056000206,0.782263624120809,178,0.016265642557792,0.00278839586705005,178,176,2.60405168642058,1.9735343877061,1.65355743545593,0.016265642557792,0.00278839586705005,0.0104806852709545,0.00797481635761669,0.00669267686221082,0.00624432484175066,0.00475134426832478,0.0039874538074653,0.0232915915939842,0.0176520140498126,0.0147900230493409,0.0284005774546541,0.021523964570194,0.0180341988856363,0.00298145536248295,0.00363543442740344,526.422636562981,3563.96701688002,FALSE,FALSE,FALSE,FALSE,FALSE,FALSE
"T-E20_80cm","E","T-E20","Macucú","special","rotten",2026-05-23,21:58:00,80,2026-05-23 21:58:00,1.66902504766503,"HM",NA,1.02447994623204,0.62802281310699,7.94057322485677e-56,69.1405732950405,1.66902504766503,0.63936922587963,68.0779101704859,"Noise (LM.MAE)","Noise (HM.MAE)",252,0.826930021697046,0.0114851391902368,1.62914369754487,9.0559133753268,"HM",NA,8.4281485521685,0.993875054738877,7.49749745336317e-279,58.0875345235307,9.0559133753268,0.994249714479111,56.2829098343652,"Noise (LM.MAE)","Noise (HM.MAE)",252,0.826930021697046,0.00196888100404059,1.07448430924925,600,1.26350382616539,28,101.3,59.1324447614309,28.1135834302619,252,0.0114851391902368,0.00196888100404059,252,250,2.59563763046618,1.96949839342115,1.65097148981286,0.0114851391902368,0.00196888100404059,0.00740039188235528,0.00563100262153049,0.00472568636896215,0.00440910586235671,0.00335491512668845,0.0028155335290729,1.51098227492126,1.1464917629549,0.96106969178881,0.718372568883753,0.545081333267723,0.456925349043306,0.194041245355434,0.0922538339522549,8.60139319662581,98.1630029600027,FALSE,FALSE,FALSE,FALSE,FALSE,FALSE
"T-E20_160cm","E","T-E20","Macucú","special","rotten",2026-05-23,21:52:00,160,2026-05-23 21:52:00,0.770408980445427,"LM","MAE | AICc",0.770408980445427,0.225366572615384,8.94407389882108e-15,115.576112163794,0.772069019896598,0.225308753026811,115.580467109293,"Noise (LM.MAE)","Noise (HM.MAE)",234,0.826920894173255,0.0123684749128478,1.00215475090933,1.62479664667944,"LM","MAE | AICc",1.62479664667944,0.922818859887284,2.95498279485862e-131,38.2949741881011,1.63423672065005,0.922633125030759,38.3414318414464,"Noise (LM.MAE)","Noise (HM.MAE)",234,0.826920894173255,0.00212030998505963,1.00581000335636,600,1.26350382616539,28,101.3,67.9072765731708,21.6289909951486,234,0.0123684749128478,0.00212030998505963,234,232,2.5971864374613,1.97024193620157,1.65144806234037,0.0123684749128478,0.00212030998505963,0.0079695648286059,0.006064089734131,0.00508914453123754,0.00474821544113347,0.00361294564148198,0.00303207956332154,1.86977264884465,1.41842126956329,1.18891442424511,0.595537000239735,0.451778107073029,0.378678407877124,0.239974127627166,0.0764336092896308,3.21038350285146,21.2576203293315,FALSE,FALSE,TRUE,FALSE,FALSE,FALSE
"T-E20_500cm","E","T-E20","Macucú","special","rotten",2026-05-23,21:34:00,500,2026-05-23 21:34:00,0.886989618365417,"HM",NA,0.767707442343009,0.997845483101928,0,7.19906459402588,0.886989618365417,0.999286734539471,4.14215851753042,"Noise (LM.MAE)",NA,579,0.827510387539785,0.00500222168633722,1.15537452087004,0.101841728718863,"HM",NA,0.082346559775191,0.996523724592886,0,0.98151116146211,0.101841728718863,0.999646616801018,0.312940018247642,"Noise (LM.MAE)",NA,579,0.827510387539785,0.0008575237176578,1.23674539649129,600,1.26350382616539,28,101.3,2.01192312717316,0.184195149897377,579,0.00500222168633722,0.000857523717657809,579,577,2.58437678307166,1.96408386425262,1.64749874559863,0.00500222168633722,0.000857523717657809,0.00322315647622102,0.00245251911732912,0.00205821892500402,0.00192033588768223,0.00146119510826719,0.00122627359098185,0.0222937619175865,0.0169428925157648,0.0142119156287436,0.0020410336571636,0.00155115202190717,0.00130112621809928,0.00287545299942542,0.000263252849524226,308.469524121124,386.858979505521,FALSE,FALSE,FALSE,FALSE,FALSE,FALSE
"T-E20_900cm","E","T-E20","Macucú","special","rotten",2026-05-23,21:03:00,900,2026-05-23 21:03:00,0.75955455874361,"HM",NA,0.665705233471632,0.998222454226797,0,6.40482998509687,0.75955455874361,0.999432915903882,3.61760331793856,"Noise (LM.MAE)",NA,654,0.827416785477694,0.00442807148191426,1.14097729828945,0.0712140269444356,"HM",NA,0.0538219219149095,0.992267805863868,0,1.08323587004018,0.0712140269444356,0.997669007347771,0.594760489489783,"Noise (LM.MAE)",NA,654,0.827416785477694,0.00075909796832816,1.32314165698175,600,1.26350382616539,28,101.3,1.78711119838614,0.212630180277936,654,0.00442807148191426,0.00075909796832816,654,652,2.583390847197,1.96360908612585,1.64719404058177,0.00442807148191426,0.00075909796832816,0.00285320566920981,0.00217102132677502,0.00182197853210701,0.00169992157747984,0.00129348053607922,0.00108552308508889,0.0175230429793805,0.0133190865982276,0.0111728552417112,0.00208488861302442,0.00158470261228068,0.00132934437790425,0.00226098746645237,0.000269011896423719,335.939305287437,264.72445230551,FALSE,FALSE,FALSE,FALSE,FALSE,FALSE
"T-N62_40cm","N","T-N62","Piranhieira","basic",NA,2026-05-25,16:13:00,40,2026-05-25 16:13:00,1.97320323428858,"LM","MAE | AICc",1.97320323428858,0.959711358420369,2.5298721170284e-237,47.8744376116172,1.99975156873995,0.959639093697429,47.9176675195105,"Noise (LM.MAE)","Noise (HM.MAE)",339,0.825136779791806,0.00851911129578561,1.01345443489552,135.757645742536,"LM","MAE | AICc",135.757645742536,0.998238571924822,0,675.330381567618,137.319685480903,0.998119916455151,697.725531794211,"Noise (LM.MAE)","Noise (HM.MAE)",339,0.825136779791806,0.00146041907927753,1.01150609035553,600,1.26350382616539,28,101.3,48.9688052379101,573.80643890849,339,0.00851911129578561,0.00146041907927753,339,337,2.59049657582971,1.96702828466919,1.64938772803943,0.00851911129578561,0.00146041907927753,0.00548924667206522,0.00417680075487966,0.00350528169135194,0.00327045784418947,0.00248851101225395,0.00208842427539563,0.926296521138702,0.703359917195378,0.589779630958381,10.8541530794065,8.24182757565834,6.91091702435489,0.119191629098116,1.39666311865709,16.5548809863509,97.2014252607088,FALSE,FALSE,FALSE,FALSE,FALSE,FALSE
"T-N62_80cm","N","T-N62","Piranhieira","basic",NA,2026-05-25,16:05:00,80,2026-05-25 16:05:00,1.87344896528538,"HM",NA,1.76850978072655,0.999390410030429,0,5.85976441418294,1.87344896528538,0.999617459113787,4.64194702262732,"Noise (LM.MAE)","Noise (HM.MAE)",384,0.825181921544164,0.00752118938907441,1.05933763313185,7.13804997167719,"LM","MAE | AICc",7.13804997167719,0.999397588240048,0,23.5114023109331,7.21288371415672,0.999298340547632,25.3938845128668,"Noise (LM.MAE)","Noise (HM.MAE)",384,0.825181921544164,0.00128934675241276,1.01048377957236,600,1.26350382616539,28,101.3,1.26665433713613,2.6898071269713,384,0.00752118938907441,0.00128934675241276,384,382,2.58876060901515,1.96619350682701,1.64885230156041,0.00752118938907441,0.00128934675241276,0.00484624069230941,0.00368753364372873,0.0030946757880432,0.00288735901916218,0.00219700881583954,0.00184378792043267,0.0211392580972257,0.0160555100634499,0.0134641705554035,0.0448903267622036,0.0340947203429388,0.0285918745603198,0.00272192776002667,0.00578015680629522,688.280193471049,1234.92324012786,FALSE,FALSE,FALSE,FALSE,FALSE,FALSE
"T-N62_160cm","N","T-N62","Piranhieira","basic",NA,2026-05-25,15:56:00,160,2026-05-25 15:56:00,1.59091958641125,"HM",NA,1.48810009139639,0.99917015822156,0,5.7080441816603,1.59091958641125,0.99947573254384,4.53697230352926,"Noise (LM.MAE)","Noise (HM.MAE)",381,0.825245047406685,0.00758099124914278,1.069094475304,0.404765329657633,"LM","MAE | AICc",0.404765329657633,0.999373866269544,0,1.34849779433292,0.409721859187461,0.99926265775654,1.464201497413,"Noise (LM.MAE)","Noise (HM.MAE)",381,0.825245047406685,0.00129959849985305,1.01224543992941,600,1.26350382616539,28,101.3,1.32199566059271,0.268389131058216,381,0.00758099124914278,0.00129959849985305,381,379,2.58886345416763,1.96624297208292,1.64888403126924,0.00758099124914278,0.00129959849985305,0.00488477372116255,0.00371685365676815,0.00311928191865099,0.00291031674979477,0.00221447749093562,0.00185844809470957,0.0222391600362821,0.016890652172471,0.0141644379867291,0.00451495342649332,0.00342910918296326,0.00287563818589373,0.00286343929553088,0.000581330186833534,555.59745544258,696.274404503854,FALSE,FALSE,FALSE,FALSE,FALSE,FALSE
"T-N62_500cm","N","T-N62","Piranhieira","basic",NA,2026-05-25,12:37:00,500,2026-05-25 12:37:00,1.44138084269796,"HM",NA,1.3379735973168,0.999117913449894,0,7.27879611234482,1.44138084269796,0.999501319019957,5.47287282691362,"Noise (LM.MAE)","Noise (HM.MAE)",525,0.826966551388312,0.00551311034258875,1.07728646184688,0.00161231261151828,"LM","g-fact. > 2",0.00161231261151828,0.557534356162194,7.06202076332708e-95,0.262778442673906,0.00388728753930339,0.714879708703878,0.210942466699356,NA,"Exaggerated curvature (g-fact)",525,0.826966551388312,0.00094510463015807,2.41100113683463,600,1.26350382616539,28,101.3,0.91805451802113,0.128099153877431,525,0.00551311034258875,0.000945104630158071,525,523,2.58526235240563,1.96451021270884,1.64777234251105,0.00551311034258875,0.000945104630158071,0.00355234502168725,0.00270300065830235,0.00226842966071348,0.00211646430475923,0.00161043039854289,0.00135151579462201,0.0112156123264333,0.00852261084317385,0.00714851078020229,0.00156495112330608,0.00118918780574212,0.000997455123255033,0.00144609595953218,0.000201778505748152,996.739416355367,7.99050724228612,FALSE,FALSE,FALSE,FALSE,TRUE,FALSE
"T-N62_900cm","N","T-N62","Piranhieira","basic",NA,2026-05-25,12:18:00,900,2026-05-25 12:18:00,0.864910388717591,"HM",NA,0.842716960554868,0.999614183794675,0,2.19332142375508,0.864910388717591,0.99965961110298,2.06015426121924,NA,NA,380,0.826934336247637,0.00761650046543876,1.02633556603407,0.00108520931974966,"LM","HM.flux is NA",0.00108520931974966,0.108438052607208,2.7777838008153e-11,0.407835321353655,NA,NA,NA,"MDF (LM)","HM.flux is NA",380,0.826934336247637,0.00130568579407522,NA,600,1.26350382616539,28,101.3,0.609088324653754,0.128638088068178,380,0.00761650046543876,0.00130568579407522,380,378,2.58889810038159,1.96625963553186,1.64889472003634,0.00761650046543876,0.00130568579407522,0.0049076539067374,0.00373426332736415,0.00313389257479046,0.00292394861712742,0.00222485006064636,0.00186715302961863,0.0102944681657714,0.00781861488508972,0.00655664825186464,0.00217416858757939,0.00165127392768707,0.00138474940516204,0.00132546328806247,0.000279934873612695,652.534397977856,3.87664925682358,FALSE,FALSE,FALSE,TRUE,TRUE,TRUE
"T-NE14_50cm","NE","T-NE14","Ingá","basic",NA,2026-05-23,20:40:00,50,2026-05-23 20:40:00,1.40783234950649,"HM",NA,1.19865865527561,0.997197229878326,0,9.35211313524432,1.40783234950649,0.998955083043186,5.71027338291091,"Noise (LM.MAE)","Noise (HM.MAE)",422,0.826783379801244,0.00685720812631363,1.17450647297315,31.2785553419806,"HM",NA,29.9804446015555,0.999270721517637,0,119.194242827251,31.2785553419806,0.999394418316184,108.616285085015,"Noise (LM.MAE)","Noise (HM.MAE)",422,0.826783379801244,0.00117552139308234,1.0432985820483,600,1.26350382616539,28,101.3,3.00594257554922,6.89591728598115,422,0.00685720812631363,0.00117552139308234,422,420,2.58758561725034,1.96562828448177,1.64848971305071,0.00685720812631363,0.00117552139308234,0.00441840769302387,0.00336199294549919,0.00282147342186358,0.00263245887127175,0.00200305376267245,0.00168101570870638,0.0457168132525015,0.0347282271961995,0.029125102511697,0.104878704381203,0.0796698460515322,0.0668157467478194,0.00588924967322521,0.0135104971576619,239.051225134339,2315.12985621275,FALSE,FALSE,FALSE,FALSE,FALSE,FALSE
"T-NE14_80cm","NE","T-NE14","Ingá","basic",NA,2026-05-23,17:59:00,80,2026-05-23 17:59:00,1.11897426947881,"LM","MAE | AICc",1.11897426947881,0.999448446049553,0,6.48827740664513,1.13330177955177,0.999359207457074,6.99699616885201,"Noise (LM.MAE)","Noise (HM.MAE)",708,0.827445059245733,0.0040904769877967,1.01280414613969,6.27874660072238,"LM","MAE | AICc",6.27874660072238,0.99897343017783,0,49.6804586228465,6.3481210320059,0.998849775756595,52.6090826929534,"Noise (LM.MAE)","Noise (HM.MAE)",708,0.827445059245733,0.00070122462647943,1.01104908920445,600,1.26350382616539,28,101.3,1.3875874445932,2.27675096559291,708,0.0040904769877967,0.000701224626479434,708,706,2.58281101151634,1.96332981206973,1.64701479230549,0.0040904769877967,0.000701224626479434,0.00263567834869468,0.00200550348237604,0.00168307157828931,0.00157032019969432,0.00119486606948533,0.00100276321586359,0.0125655110077273,0.0095517024882427,0.00801281333025372,0.0206174677001336,0.015672416140619,0.0131474095977563,0.00162168414590404,0.00266085640905763,690.007528472824,2359.67133714895,FALSE,FALSE,FALSE,FALSE,FALSE,FALSE
"T-NE14_160cm","NE","T-NE14","Ingá","basic",NA,2026-05-23,20:29:00,160,2026-05-23 20:29:00,0.995146274670059,"HM","AICc",0.980242706150303,0.922886560635251,1.40281504251202e-275,48.6951388886293,0.995146274670059,0.922856458737512,48.7047439620887,"Noise (LM.MAE)","Noise (HM.MAE)",493,0.82720968193732,0.00587268536872337,1.01520395757729,0.346214686325749,"LM","MAE | AICc",0.346214686325749,0.952891039517137,0,13.2297548145024,0.350829186735091,0.952802918972495,13.2421331012072,"Noise (LM.MAE)","Noise (HM.MAE)",493,0.82720968193732,0.00100674606320972,1.01332843634773,600,1.26350382616539,28,101.3,47.924418456188,13.0701205730841,493,0.00587268536872337,0.00100674606320972,493,491,2.58587938803034,1.9648072234709,1.64796292572774,0.00587268536872337,0.00100674606320972,0.00378403538785768,0.00287929524918743,0.00241638074528267,0.00225450393400769,0.00171546558134537,0.00143966409875052,0.623813918325635,0.473987340052041,0.397552265860569,0.170128785916051,0.129267540100858,0.108421890474281,0.0804128660206376,0.0219304873877146,12.3754608424808,15.7869125389205,FALSE,FALSE,FALSE,FALSE,FALSE,FALSE
"T-NE14_500cm","NE","T-NE14","Ingá","basic",NA,2026-05-23,19:58:00,500,2026-05-23 19:58:00,0.827893658550235,"HM",NA,0.680252266672738,0.996854500983255,5.48152613212816e-290,3.08634391597619,0.827893658550235,0.999582985274345,1.12376431542901,NA,NA,232,0.827375884151539,0.0124819637695275,1.21703917665669,0.509880367227658,"HM",NA,0.451355882517565,0.99887269655569,0,1.22470584140816,0.509880367227658,0.999890901841976,0.38099570634959,"Noise (LM.MAE)",NA,232,0.827375884151539,0.00213976521763329,1.12966372429591,600,1.26350382616539,28,101.3,0.513367817267221,0.153761407146561,232,0.0124819637695275,0.00213976521763329,232,230,2.59737360864563,1.97033177327508,1.65150563808686,0.0124819637695275,0.00213976521763329,0.00804269080468671,0.00611973172844144,0.00513584076487973,0.00479178342712044,0.0036460967836387,0.00305990087883763,0.0142659005115937,0.0108219152450044,0.00907078406004457,0.00427285245217018,0.00324132690076002,0.00271683668917846,0.00183081099873454,0.000548355518044271,452.200505198231,929.835390452828,FALSE,FALSE,FALSE,FALSE,FALSE,FALSE
"T-NE14_900cm","NE","T-NE14","Ingá","basic",NA,2026-05-23,18:55:00,900,2026-05-23 18:55:00,0.558309539284288,"LM","MAE | AICc",0.558309539284288,0.825025245853881,1.86177651515986e-262,61.7342840891584,0.564341788786396,0.824938421779048,61.7497151298894,"Noise (LM.MAE)","Noise (HM.MAE)",689,0.827652577712279,0.00420433094628879,1.01080448940536,0.17328198993501,"HM","AICc",0.171294468848296,0.862109970371252,5.34467126395717e-293,16.4491015232796,0.17328198993501,0.862027195693515,16.4540724784795,"Noise (LM.MAE)","Noise (HM.MAE)",689,0.827652577712279,0.00072074244793522,1.01160294958779,600,1.26350382616539,28,101.3,46.5924261490685,12.4940212468022,689,0.00420433094628879,0.000720742447935221,689,687,2.58300460672597,1.9634230603639,1.64707464366898,0.00420433094628879,0.000720742447935221,0.00270903957629871,0.00206132448098315,0.00172991803707284,0.00161402834702498,0.00122812386125012,0.0010306740345522,0.433701187269876,0.329669916257807,0.276553215050898,0.116299413796925,0.088402843092533,0.0741593007769665,0.055968565463201,0.0150082857632914,9.9754127100394,11.5457549694874,FALSE,FALSE,FALSE,FALSE,FALSE,FALSE
"T-NW46a_40cm","NW","T-NW46a","Mata Mata folha miuda","basic",NA,2026-05-24,19:29:00,40,2026-05-24 19:29:00,0.864337507331549,"HM","AICc",0.853532051502815,0.999222622413307,0,2.74941684799162,0.864337507331549,0.999129454920123,2.91066879290288,NA,NA,331,0.826113993976405,0.00873534434718253,1.01265969544988,35.491314265312,"LM","MAE | AICc",35.491314265312,0.999540097672108,0,87.9206441596598,36.0159079993674,0.999476275308152,93.879227609274,"Noise (LM.MAE)","Noise (HM.MAE)",331,0.826113993976405,0.00149748760237415,1.01478090470626,600,1.26350382616539,28,101.3,0.484934097266123,3.29288226583954,331,0.00873534434718253,0.00149748760237415,331,329,2.59085518049367,1.96720068335686,1.64949829250699,0.00873534434718253,0.00149748760237415,0.00562857535513551,0.00428281678647574,0.00359425314973654,0.00335346897698966,0.00255167468167105,0.0021414328977743,0.00940717232900862,0.00714273648848074,0.00598918643189545,0.0638781869712278,0.0485018282795153,0.0406687958210792,0.0012103046643742,0.00821841728195401,714.14870385422,4318.50964093096,FALSE,FALSE,FALSE,FALSE,FALSE,FALSE
"T-NW46a_80cm","NW","T-NW46a","Mata Mata folha miuda","basic",NA,2026-05-24,19:37:00,80,2026-05-24 19:37:00,0.879461715382068,"HM","AICc",0.865518818183488,0.999886536251787,0,1.12849630494509,0.879461715382068,0.999885121760984,1.13590367698191,NA,NA,351,0.826652394339417,0.00824297259312808,1.01610929410852,5.81306450633146,"LM","MAE | AICc",5.81306450633146,0.999568620226654,0,14.7808343828085,5.88453739004347,0.99946258869098,16.4990816506485,"Noise (LM.MAE)","Noise (HM.MAE)",351,0.826652394339417,0.00141308101596481,1.01229521599737,600,1.26350382616539,28,101.3,0.415198655509485,0.702438365553235,351,0.00824297259312808,0.00141308101596481,351,349,2.5899896533865,1.96678455657484,1.64923141084221,0.00824297259312808,0.00141308101596481,0.0053113180828072,0.00404141382287866,0.0033916613963362,0.00316444913567108,0.00240784834937587,0.00202073003476615,0.00759785557423789,0.00576965432543647,0.00483809734594556,0.012854148683907,0.00976117456159287,0.00818515461689833,0.000977848896590947,0.00165433719874771,899.384064806041,3513.83291793945,FALSE,FALSE,FALSE,FALSE,FALSE,FALSE
"T-NW46a_160cm","NW","T-NW46a","Mata Mata folha miuda","basic",NA,2026-05-24,19:45:00,160,2026-05-24 19:45:00,0.791018129475888,"HM",NA,0.599975527976932,0.992330432942237,0,6.01446830401967,0.791018129475888,0.997798079176506,3.22264647042952,"Noise (LM.MAE)",NA,327,0.826563829327699,0.00884701346375213,1.31841732302505,0.335243679851784,"HM",NA,0.264473633747487,0.993003951949022,0,2.53127992968465,0.335243679851784,0.99695530315541,1.66988211150482,"Noise (LM.MAE)","Noise (HM.MAE)",327,0.826563829327699,0.00151663087950036,1.26758828508352,600,1.26350382616539,28,101.3,0.64637730682087,0.2740168247467,327,0.00884701346375213,0.00151663087950036,327,325,2.59104113988559,1.96729007710986,1.64955562178866,0.00884701346375213,0.00151663087950036,0.00570052879079557,0.00433756658773909,0.00364020063137051,0.00339633837093917,0.00258429426095153,0.00216880811166208,0.0127001926234724,0.00964282756492412,0.00808542705762396,0.00538395519092659,0.0040878554414546,0.00342763123901743,0.00163385963888802,0.000692637296522475,484.140810292763,484.01043595969,FALSE,FALSE,FALSE,FALSE,FALSE,FALSE
"T-NW46a_500cm","NW","T-NW46a","Mata Mata folha miuda","basic",NA,2026-05-24,19:11:00,500,2026-05-24 19:11:00,0.366580203653463,"HM",NA,0.345900184570823,0.998372981310833,3.42180905801101e-293,1.04549725763226,0.366580203653463,0.998607703420314,0.967147036304894,NA,NA,215,0.826993617014025,0.0134626867886004,1.05978608860328,0.00782052477588531,"HM",NA,0.00401985881775472,0.558696641933474,6.44407183648792e-40,0.267002459320837,0.00782052477588531,0.583819778802814,0.259290952953963,NA,NA,215,0.826993617014025,0.00230788916376007,1.94547249802505,600,1.26350382616539,28,101.3,0.708121461634052,0.234382372194456,215,0.0134626867886004,0.00230788916376007,215,213,2.59910768047224,1.97116388546525,1.65203887802665,0.0134626867886004,0.00230788916376007,0.00867461476738066,0.00660056646626414,0.00553936999741179,0.00516827965769449,0.00393257502628605,0.00330032099888986,0.0212381645864569,0.0161070290934559,0.0134993535890674,0.00702965757504828,0.00533129398340463,0.00446817486649274,0.00272377641321862,0.000901547561606609,134.585277218215,8.67455596235953,FALSE,FALSE,FALSE,FALSE,FALSE,FALSE
"T-NW46a_1000cm","NW","T-NW46a","Mata Mata folha miuda","basic",NA,2026-05-24,18:47:00,1000,2026-05-24 18:47:00,0.341433645439946,"HM",NA,0.331486973625489,0.999392376878162,0,0.689224589739344,0.341433645439946,0.999452261573877,0.654380309015488,NA,NA,242,0.826746603880689,0.0119570789817455,1.03000622228279,0.00612382935406884,"LM","g-fact. > 2",0.00612382935406884,0.771027215194696,5.30174856366424e-79,0.281227936674307,0.0194585881913291,0.862270547664375,0.218112189668314,NA,"Exaggerated curvature (g-fact)",242,0.826746603880689,0.00204978496829923,3.17751966396652,600,1.26350382616539,28,101.3,0.468738671271004,0.136719592634078,242,0.0119570789817455,0.00204978496829923,242,240,2.59646918196681,1.96989763507669,1.65122739260749,0.0119570789817455,0.00204978496829923,0.00770448392200689,0.00586238808052862,0.00491987116748854,0.00459028194276412,0.00349277309420571,0.00293122758246549,0.0124736129837626,0.00946352103396158,0.00793260770689039,0.00363824747207426,0.00276027735697363,0.0023137474261964,0.0016013558040531,0.000467076276422213,213.215354498834,13.110983501404,FALSE,FALSE,FALSE,FALSE,FALSE,FALSE
"T-S14b_40cm","S","T-S14b","Ripeira","basic",NA,2026-05-24,16:36:00,40,2026-05-24 16:36:00,2.88939244479683,"HM",NA,2.69393058732664,0.999482118829024,0,5.29468522352724,2.88939244479683,0.999821055124694,3.11232339895556,"Noise (LM.MAE)",NA,248,0.827465604481306,0.0116779419987281,1.07255638225785,116.103133818769,"LM","MAE | AICc",116.103133818769,0.999591689072239,0,202.606987940012,117.810877456107,0.999561163588366,210.101051858315,"Noise (LM.MAE)","Noise (HM.MAE)",248,0.827465604481306,0.00200193291406767,1.01470885049497,600,1.26350382616539,28,101.3,0.939324093743254,17.1826501125442,248,0.0116779419987281,0.00200193291406767,248,246,2.59596207898281,1.96965417617892,1.65107134485103,0.0116779419987281,0.00200193291406767,0.00752462340582411,0.00572553113372964,0.00480501719716489,0.00448312220461582,0.00341123460597047,0.00286279832602619,0.0244080638412293,0.0185193170834593,0.0155238996431484,0.446486174156539,0.338765872064728,0.283971994040406,0.00313410636706902,0.0573308546853515,921.919075611643,2025.14221104808,FALSE,FALSE,FALSE,FALSE,FALSE,FALSE
"T-S14b_80cm","S","T-S14b","Ripeira","basic",NA,2026-05-24,16:30:00,80,2026-05-24 16:30:00,2.10616291704717,"HM","AICc",2.07401783444087,0.999720842348855,0,3.43919753746473,2.10616291704717,0.999709293202564,3.51055778733451,NA,NA,285,0.827610815861618,0.0101636415983006,1.01549894223304,4.23205581096285,"LM","MAE | AICc",4.23205581096285,0.99989614035852,0,4.28012767515254,4.28529805929705,0.999841049629713,5.30202232943363,"Noise (LM.MAE)","Noise (HM.MAE)",285,0.827610815861618,0.00174233855970867,1.01258070562214,600,1.26350382616539,28,101.3,0.986969194158487,0.593002951770002,285,0.0101636415983006,0.00174233855970867,285,283,2.59331311276214,1.96838192343229,1.65025574647694,0.0101636415983006,0.00174233855970867,0.00654889153134256,0.00498309089131267,0.00418194170436655,0.00390178743258538,0.00296889348710415,0.00249157395687649,0.0222977532855182,0.0169244871683155,0.014189183447177,0.0133972099579313,0.0101687782226696,0.00852531944987015,0.00286605747371154,0.00172201984814989,734.864159691707,2457.61151679506,FALSE,FALSE,FALSE,FALSE,FALSE,FALSE
"T-S14b_160cm","S","T-S14b","Ripeira","basic",NA,2026-05-24,16:21:00,160,2026-05-24 16:21:00,1.71956332345349,"HM",NA,1.67013160761925,0.999490882429803,0,4.68688599799646,1.71956332345349,0.999548422076348,4.41409523161119,"Noise (LM.MAE)",NA,357,0.827657558530358,0.00811428978951332,1.02959749735214,0.101081939321599,"HM",NA,0.0706696031245393,0.981041727847887,5.28539971463224e-293,1.22149272075155,0.101081939321599,0.989557997087729,0.906532568800945,"Noise (LM.MAE)","Noise (HM.MAE)",357,0.827657558530358,0.00139102110677371,1.43034536565127,600,1.26350382616539,28,101.3,1.38508714572654,0.174264964513968,357,0.00811428978951332,0.00139102110677371,357,355,2.589749108863,1.96666889227723,1.64915722562504,0.00811428978951332,0.00139102110677371,0.00522840196315939,0.00397832244953974,0.00333871344673894,0.00311504824514599,0.00237025891513037,0.0019891839871135,0.0249481596933025,0.0189457617421187,0.0158870361933712,0.00313885676945019,0.00238366409497548,0.00199883004258027,0.00321114242404428,0.000404010406350169,535.498927290738,250.196375471547,FALSE,FALSE,FALSE,FALSE,FALSE,FALSE
"T-S14b_500cm","S","T-S14b","Ripeira","basic",NA,2026-05-24,16:02:00,500,2026-05-24 16:02:00,0.999005420969129,"HM","AICc",0.98320824195696,0.91024004956646,0,70.2222012640174,0.999005420969129,0.910233798902918,70.2246864001505,"Noise (LM.MAE)","Noise (HM.MAE)",653,0.828114347090059,0.00443859144688393,1.01606697171367,0.00843852424200763,"HM","AICc",0.00843274330141856,0.010997990742934,0.00420685788074258,17.0511164106118,0.00843852424200763,0.0109937692698157,17.0511531892572,"Noise (LM.MAE)","Noise (HM.MAE)",653,0.828114347090059,0.00076090139089438,1.00068553498932,600,1.26350382616539,28,101.3,43.9122467007485,10.9667284078403,653,0.00443859144688393,0.000760901390894388,653,651,2.58340249457979,1.96361469560334,1.64719764083786,0.00443859144688393,0.000760901390894388,0.00285998415591986,0.00217617911801651,0.00182630708696696,0.00170396015624247,0.00129655351491077,0.00108810201022042,0.431594711614128,0.328050205126103,0.275188164546743,0.107787288060841,0.0819278851358102,0.0687260181015689,0.0556881493198283,0.0139076648318112,17.9392821124588,0.606753494857462,FALSE,FALSE,FALSE,FALSE,FALSE,TRUE
"T-S14b_1000cm","S","T-S14b","Ripeira","basic",NA,2026-05-24,15:39:00,1000,2026-05-24 15:39:00,1.0921705854198,"HM",NA,0.784088621215341,0.991386198256042,0,15.7233548285648,1.0921705854198,0.998899898336411,5.61906673542828,"Noise (LM.MAE)","Noise (HM.MAE)",618,0.828586660875048,0.0046926429013959,1.3929172747424,0.0204148348046437,"LM","g-fact. > 2",0.0204148348046437,0.890932077074346,8.4263632436328e-294,1.53651262598904,0.0680771564034986,0.988969283226578,0.488640521534684,"Noise (LM.MAE)","Exaggerated curvature (g-fact)",618,0.828586660875048,0.00080445306881072,3.33469053533626,600,1.26350382616539,28,101.3,0.572676711695845,0.130781244221862,618,0.0046926429013959,0.000804453068810726,618,616,2.58383404673228,1.96382252342145,1.64733102510782,0.0046926429013959,0.000804453068810726,0.00302368093751996,0.00230073698211071,0.0019308393417108,0.00180148964533923,0.00137076428881449,0.00115038165493698,0.00595175240669839,0.00452358209494295,0.00379455731907935,0.00135919196494563,0.00103304304616211,0.000866556850183107,0.00076781923026693,0.00017534562209527,1422.43192455614,116.426258954739,FALSE,FALSE,FALSE,FALSE,FALSE,FALSE
"T-SE58_40cm","SE","T-SE58","Caijurana","basic",NA,2026-05-24,21:27:00,40,2026-05-24 21:27:00,0.844343426624836,"HM","AICc",0.831430434934482,0.999798377370029,0,1.22777686986956,0.844343426624836,0.999778047404721,1.28871321248017,NA,NA,298,0.825867876299756,0.00969979049345352,1.01553105485172,42.5866676171901,"HM",NA,41.8875659069481,0.999895461503589,0,44.5375298827171,42.5866676171901,0.9999028685821,42.9539905294188,"Noise (LM.MAE)","Noise (HM.MAE)",298,0.825867876299756,0.00166282122744917,1.01668995786948,600,1.26350382616539,28,101.3,0.478623586146276,6.97105722958004,298,0.00969979049345352,0.00166282122744917,298,296,2.5925405665283,1.96801072755025,1.65001774305555,0.00969979049345352,0.00166282122744917,0.00625001139640699,0.00475567120190969,0.0039910850845994,0.00372371657146945,0.00283339829959215,0.00237786281097199,0.0103165674398052,0.007831358805012,0.00656596064219073,0.150258750544994,0.114062181629364,0.095631909351607,0.00132644243166979,0.0193193698985145,636.54735890945,2204.35075475544,FALSE,FALSE,FALSE,FALSE,FALSE,FALSE
"T-SE58_80cm","SE","T-SE58","Caijurana","basic",NA,2026-05-24,21:19:00,80,2026-05-24 21:19:00,0.628437289554812,"HM",NA,0.559107229502066,0.998620875427407,0,2.27625718553772,0.628437289554812,0.999568879143442,1.27267964513271,NA,NA,314,0.82606876105957,0.00920777281435826,1.12400136573889,17.8703062216262,"HM",NA,16.27996374095,0.999269488747773,0,48.222621874781,17.8703062216262,0.999865992076839,20.6539253375001,"Noise (LM.MAE)","Noise (HM.MAE)",314,0.82606876105957,0.00157847533960427,1.09768710213254,600,1.26350382616539,28,101.3,0.518820837225043,3.7009704916408,314,0.00920777281435826,0.00157847533960427,314,312,2.59167862822204,1.96759649738777,1.6497521243641,0.00920777281435826,0.00157847533960427,0.00593298227050427,0.00451444183629783,0.00378863901922081,0.00353483265832313,0.00268967539585947,0.00225724674794971,0.0106122228976389,0.00805677539472447,0.00675528866849351,0.0757015157774792,0.0574724179413002,0.0481883575808763,0.00136490982872096,0.00973648442276352,460.424034123716,1835.39617028978,FALSE,FALSE,FALSE,FALSE,FALSE,FALSE
"T-SE58_160cm","SE","T-SE58","Caijurana","basic",NA,2026-05-24,21:11:00,160,2026-05-24 21:11:00,0.756311167203986,"HM","AICc",0.743739069901918,0.999659941564954,0,1.59632241529828,0.756311167203986,0.999618354115774,1.69194309088393,NA,NA,335,0.826053027093188,0.0086562442958867,1.01690390865674,16.7012195234291,"HM",NA,15.8312116856494,0.999471993615989,0,42.3445664211537,16.7012195234291,0.999664525742896,33.752636595089,"Noise (LM.MAE)","Noise (HM.MAE)",335,0.826053027093188,0.00148392759358058,1.0549552273733,600,1.26350382616539,28,101.3,1.09101940791668,6.4635580644667,335,0.0086562442958867,0.00148392759358058,335,333,2.59067371273925,1.96711344488223,1.64944234436257,0.0086304047606751,0.00147949795897287,0.00556095805844768,0.00423136637939422,0.0035510746069859,0.00331318302673696,0.00252102086021267,0.00211570739985523,0.0209088221885036,0.0158761889007507,0.0133123274146321,0.123870744456384,0.0940557684472284,0.0788666091485676,0.00269026831202087,0.0159380349401352,281.128526780982,1047.88448426425,FALSE,FALSE,FALSE,FALSE,FALSE,FALSE
"T-SE58_500cm","SE","T-SE58","Caijurana","basic",NA,2026-05-24,20:51:00,500,2026-05-24 20:51:00,0.994294349657084,"HM",NA,0.579390776613428,0.976188715584369,7.03296955837769e-150,5.80086221432164,0.994294349657084,0.996249393891037,2.30224674186931,"Noise (LM.MAE)",NA,184,0.82623871464943,0.0157164972895272,1.71610317214366,0.527912688401838,"HM",NA,0.490774403747276,0.999608089557028,3.42642130019681e-293,0.622996160820015,0.527912688401838,0.999973746130587,0.161245874784827,NA,NA,184,0.82623871464943,0.00269425667820466,1.07567282313624,600,1.26350382616539,28,101.3,0.479270475714386,0.11288935735153,184,0.0157164972895272,0.00269425667820466,184,182,2.60311204468097,1.9730840773359,1.65326902370546,0.0157164972895272,0.00269425667820466,0.0101268462692508,0.00770557813647012,0.00646672502428926,0.00603350984147187,0.0045909338687001,0.00385283315642038,0.0168067024073538,0.0127389971477532,0.0106741469455724,0.00395872045140383,0.00300059626908844,0.00251423288105809,0.00215212946643302,0.000506921508237653,462.004895692938,1041.40913301778,FALSE,FALSE,FALSE,FALSE,FALSE,FALSE
"T-SE58_800cm","SE","T-SE58","Caijurana","basic",NA,2026-05-24,20:27:00,800,2026-05-24 20:27:00,0.397650583639259,"HM",NA,0.37802084598175,0.997900875264092,0,2.55574132278571,0.397650583639259,0.99807087684055,2.45006580613104,NA,NA,422,0.825424579230696,0.00684593845333516,1.05192765919173,0.0350095996346575,"HM",NA,0.0332932270326425,0.99647844890923,0,0.291752052395596,0.0350095996346575,0.99665002998629,0.284555761208753,NA,NA,422,0.825424579230696,0.00117358944914317,1.05155320631227,600,1.26350382616539,28,101.3,1.7313143288297,0.184924159352403,422,0.00684593845333516,0.00117358944914317,422,420,2.58758561725034,1.96562828448177,1.64848971305071,0.00684593845333516,0.00117358944914317,0.00441114613571531,0.00335646758293854,0.00281683639142843,0.00262813248215506,0.00199976178721425,0.00167825299581217,0.0262879580267074,0.0199693310606179,0.0167474374935604,0.00280785439029212,0.00213295280800385,0.00178881774859279,0.00338642038244154,0.000361708403846085,117.425050268733,96.7895665746127,FALSE,FALSE,FALSE,FALSE,FALSE,FALSE
"T-SW27_40cm","SW","T-SW27","Biorana","special",NA,2026-05-25,15:38:00,40,2026-05-25 15:38:00,0.766852525245239,"HM",NA,0.744743929269924,0.999771801589412,0,0.92129132867933,0.766852525245239,0.999829980332636,0.795225425210884,NA,NA,235,0.826721022446747,0.0123128662917601,1.02968617145626,2.0150044418445,"LM","MAE | AICc",2.0150044418445,0.999112764405953,0,4.91667799167529,2.0359516269772,0.999011023049069,5.19284432383939,"Noise (LM.MAE)","Noise (HM.MAE)",235,0.826721022446747,0.00211077707858744,1.01039560246008,600,1.26350382616539,28,101.3,0.44568319528503,0.450263456487492,235,0.0123128662917601,0.00211077707858744,235,233,2.59709406614742,1.97019759897253,1.65141964661043,0.0123128662917601,0.00211077707858744,0.00793373369227654,0.00603682560733738,0.00506626375475599,0.00472686748068001,0.00359670185018163,0.00301844734393048,0.0122159237377937,0.00926719749244015,0.00776776502824679,0.012341466100935,0.0093624359613329,0.00784759391379848,0.00156789645486542,0.00158400963879892,489.096408672639,1272.09102298922,FALSE,FALSE,FALSE,FALSE,FALSE,FALSE
"T-SW27_80cm","SW","T-SW27","Biorana","special",NA,2026-05-25,15:31:00,80,2026-05-25 15:31:00,0.657665192464915,"HM",NA,0.646933039487754,0.999937581997998,0,0.617355442196495,0.657665192464915,0.999944350807525,0.583475533390519,NA,NA,346,0.825744771879194,0.00835290954213057,1.01658927944948,0.0357341362811466,"HM","AICc",0.0351734809102373,0.994969027596942,0,0.3020931356305,0.0357341362811466,0.994962045564254,0.302305996165469,NA,NA,346,0.825744771879194,0.00143192735007953,1.01593971811718,600,1.26350382616539,28,101.3,0.423948325505443,0.124953445229506,346,0.00835290954213057,0.00143192735007953,346,344,2.59019655055117,1.96688403630016,1.64929521405076,0.00835290954213057,0.00143192735007953,0.0053821554049757,0.0040953143666842,0.00343689615864434,0.00320665355638446,0.00243996194652792,0.00204768061506591,0.00786206506297106,0.00597011460826033,0.00500613217099477,0.00231724494976016,0.00175961631132224,0.00147549459310703,0.00101177200385277,0.000298207092851322,650.013234167938,119.829934088666,FALSE,FALSE,FALSE,FALSE,FALSE,FALSE
"T-SW27_160cm","SW","T-SW27","Biorana","special",NA,2026-05-25,15:22:00,160,2026-05-25 15:22:00,0.607033656954261,"HM",NA,0.542242280044979,0.998932894770791,0,2.25094435840284,0.607033656954261,0.99981043428125,0.948726511017011,NA,NA,364,0.826177836374677,0.00794401765744882,1.11948787339841,0.0219910292766281,"HM",NA,0.0149633693691883,0.908852927086541,1.37862277811995e-190,0.601769988496306,0.0219910292766281,0.916832300979983,0.574826133911545,NA,NA,364,0.826177836374677,0.0013618315984198,1.46965758406731,600,1.26350382616539,28,101.3,0.832998983487672,0.165620088314593,364,0.00794401765744882,0.0013618315984198,364,362,2.58947860174431,1.96653881250995,1.64907379234014,0.00794401765744882,0.0013618315984198,0.0051186879681394,0.00389484041191291,0.00326865311223334,0.00304968135291714,0.00232052085431502,0.0019474424906498,0.0146875787840746,0.0111542507905738,0.00935358231167966,0.00292024137311804,0.00221773139900271,0.0018597155089339,0.00189067389527514,0.000375911115999816,321.067349832914,58.5006091616585,FALSE,FALSE,FALSE,FALSE,FALSE,FALSE
"T-SW27_500cm","SW","T-SW27","Biorana","special",NA,2026-05-25,11:44:00,500,2026-05-25 11:44:00,0.66405433023667,"HM",NA,0.65277921360125,0.999786241223222,0,0.648156009582483,0.66405433023667,0.999798960265768,0.628710552376533,NA,NA,195,0.826820036441174,0.0148403596284313,1.01727248110922,0.00185087697626085,"LM","HM.flux is NA",0.00185087697626085,0.452351774378835,2.99026185077319e-27,0.137861948179689,NA,NA,NA,"MDF (LM)","HM.flux is NA",195,0.826820036441174,0.00254406165058823,NA,600,1.26350382616539,28,101.3,0.383299559778794,0.121136736996924,195,0.0148403596284313,0.00254406165058823,195,193,2.60154252262126,1.97233167579575,1.65278706820926,0.0148403596284313,0.00254406165058823,0.00956231135786629,0.00727602013244991,0.00610622858329752,0.0056971635740228,0.00433500597408907,0.00363805169665401,0.0126843110992557,0.00961647497558574,0.0080584749900108,0.00400870811984354,0.0030391592430404,0.00254677403236412,0.00162522951786763,0.000513632211785446,408.59110847798,3.60350642695673,FALSE,FALSE,FALSE,TRUE,TRUE,TRUE
"T-SW27_850cm","SW","T-SW27","Biorana","special",NA,2026-05-25,11:20:00,850,2026-05-25 11:20:00,0.614398131607683,"HM",NA,0.534667975429344,0.998121684759915,0,3.40429905174778,0.614398131607683,0.99944871868323,1.84429377257863,NA,NA,421,0.827028746009957,0.00687553589319442,1.14912087471541,0.271659006175187,"HM",NA,0.239352922365011,0.998506867517825,0,1.35851242124094,0.271659006175187,0.999604898275016,0.698825758951619,"Noise (LM.MAE)",NA,421,0.827028746009957,0.00117866329597619,1.13497258980991,600,1.26350382616539,28,101.3,1.22902731888221,0.234956502676366,421,0.00687553589319442,0.00117866329597619,421,419,2.58761379588303,1.96564184154164,1.6484984103849,0.00687553589319442,0.00117866329597619,0.00443021709776853,0.00337097879248311,0.00282901458237435,0.00263949483862569,0.002008407472482,0.0016855086836117,0.0187422082187566,0.0142372361502662,0.0119401513876917,0.00358299903334643,0.00272177124320268,0.00228263128766732,0.00241434898419746,0.000461557676425939,254.477764245798,588.570009882127,FALSE,FALSE,FALSE,FALSE,FALSE,FALSE
"T-W10_40cm","W","T-W10","Seringa Barriguda","basic",NA,2026-05-24,14:34:00,40,2026-05-24 14:34:00,0.720606079622844,"HM","AICc",0.710039662214186,0.978359613173896,0,14.6816992808208,0.720606079622844,0.978340845857018,14.6881205466578,"Noise (LM.MAE)","Noise (HM.MAE)",399,0.827393479747668,0.00725783754164621,1.01488144672892,168.964269092447,"HM",NA,155.746689887014,0.999470307308304,0,498.503383401731,168.964269092447,0.999925723959916,186.672563183827,"Noise (LM.MAE)","Noise (HM.MAE)",399,0.827393479747668,0.00124420072142506,1.08486587557669,600,1.26350382616539,28,101.3,5.97846470243497,17.5358746866254,399,0.00725783754164621,0.00124420072142506,399,397,2.588269803936,1.96595742796682,1.64870086304459,0.00725783754164621,0.00124420072142506,0.00467655124914031,0.00355841592746163,0.00298631678472433,0.00278625914086508,0.00212008131135363,0.00177922832354004,0.0962630612010505,0.0731179879003486,0.0613185657229922,0.282356267401737,0.214467749995494,0.179857996659919,0.0123973501596398,0.0363635798931981,58.1258148187839,4646.52461580252,FALSE,FALSE,FALSE,FALSE,FALSE,FALSE
"T-W10_80cm","W","T-W10","Seringa Barriguda","basic",NA,2026-05-24,14:26:00,80,2026-05-24 14:26:00,0.282151016693838,"HM","AICc",0.27850077548385,0.999529316798618,0,0.669335055549126,0.282151016693838,0.99944459704704,0.727639892782137,NA,NA,318,0.827555931438249,0.00910832000010651,1.01310675420435,53.3376630054998,"HM",NA,52.5069112527421,0.999840587793692,0,73.4281643335204,53.3376630054998,0.999843477391295,72.7842554591283,"Noise (LM.MAE)","Noise (HM.MAE)",318,0.827555931438249,0.00156142628573254,1.01582176008714,600,1.26350382616539,28,101.3,0.380062899375656,3.19098774772624,318,0.00910832000010651,0.00156142628573254,318,316,2.59147685958501,1.96749951882406,1.64968993492226,0.00910832000010651,0.00156142628573254,0.00586890034802382,0.00446568151668009,0.00374771806903643,0.00349665306127323,0.00266062431120143,0.00223286630915411,0.00768943274630073,0.00583796655270899,0.00489496163545343,0.0645600655068366,0.0490152545063788,0.0410978357266155,0.000989067002194787,0.00830415357791707,285.269871573646,6423.01018460673,FALSE,FALSE,FALSE,FALSE,FALSE,FALSE
"T-W10_160cm","W","T-W10","Seringa Barriguda","basic",NA,2026-05-24,14:19:00,160,2026-05-24 14:19:00,0.23060036490105,"HM","AICc",0.227769542440788,0.998592478676055,0,0.893180309781088,0.23060036490105,0.998526334216282,0.914068918040325,NA,NA,300,0.82773170081056,0.00965686984278987,1.01242845039739,31.5198201376126,"HM",NA,30.9939533467943,0.999920422807265,0,28.880165225303,31.5198201376126,0.999931944975833,26.7224995212112,"Noise (LM.MAE)","Noise (HM.MAE)",300,0.82773170081056,0.00165546340162112,1.01696675428701,600,1.26350382616539,28,101.3,0.61963278243359,6.02515846938553,300,0.00965686984278987,0.00165546340162112,300,298,2.59242773194399,1.96795650649682,1.64998297599561,0.00965686984278987,0.00165546340162112,0.00622235569023787,0.00473462780901722,0.0039734249125781,0.00370723947969697,0.00282086078152,0.00236734099412402,0.0132962947362456,0.0100934461609359,0.00846259268418411,0.129289936092305,0.098146215542377,0.082288192990397,0.00170963232293912,0.0166240488917254,134.883016545109,1896.03750222976,FALSE,FALSE,FALSE,FALSE,FALSE,FALSE
"T-W10_400cm","W","T-W10","Seringa Barriguda","basic",NA,2026-05-24,13:57:00,400,2026-05-24 13:57:00,0.492501902550613,"HM","AICc",0.486975443777742,0.997857745962362,0,2.33076092784941,0.492501902550613,0.997783089491889,2.37132937647014,NA,NA,297,0.828585718558114,0.00976447816482626,1.01134853685845,0.027652590106313,"HM","AICc",0.0272486782636276,0.990837240268595,7.09150796635725e-293,0.270670994934058,0.027652590106313,0.990798598039654,0.271245554034756,NA,NA,297,0.828585718558114,0.00167391054254164,1.01482317192701,600,1.26350382616539,28,101.3,0.726714311923534,0.22840855381473,297,0.00976447816482626,0.00167391054254164,297,295,2.59259756105675,1.96803811489047,1.65003530392612,0.00976447816482626,0.00167391054254164,0.00629169257329009,0.00478738665968927,0.00401770153580496,0.00374854994844012,0.00285229416524985,0.00239372072132474,0.0157688880658793,0.0119701465469413,0.0100359664003366,0.00495621024561964,0.00376225404794963,0.00315433525117543,0.00202742458024117,0.00063722581039528,242.91996227649,43.3952762979889,FALSE,FALSE,FALSE,FALSE,FALSE,FALSE
"T-W10_850cm","W","T-W10","Seringa Barriguda","basic",NA,2026-05-24,13:29:00,850,2026-05-24 13:29:00,0.685639133897567,"HM","AICc",0.679803786349996,0.997968727693676,0,3.88459181935703,0.685639133897567,0.99781506853477,4.03005248356825,NA,NA,364,0.828462151499129,0.00796598222595316,1.00858387032368,0.0104070765154657,"LM","g-fact. > 2",0.0104070765154657,0.903825865709787,2.29485468878045e-186,0.429921620086178,0.0221046411548925,0.944774915639819,0.325782938911616,NA,"Exaggerated curvature (g-fact)",364,0.828462151499129,0.00136559695302054,2.12400102200107,600,1.26350382616539,28,101.3,0.656206526270157,0.131654305661115,364,0.00796598222595316,0.00136559695302054,364,362,2.58947860174431,1.96653881250995,1.64907379234014,0.00796598222595316,0.00136559695302054,0.00513284072778529,0.00390560933171267,0.0032776906746226,0.00305811347604186,0.00232693690743426,0.00195282701216506,0.0116023353846808,0.00881121119686518,0.00738878753426631,0.00232776930427642,0.00176778780112154,0.00148240782978871,0.00149352272137787,0.000299644531104756,459.075127605038,34.731408169193,FALSE,FALSE,FALSE,FALSE,FALSE,FALSE
