"UniqueID","TreeID","species","meas_date","time_str","height_cm","start.time","CO2_best.flux","CO2_model","CO2_quality.check","CO2_LM.flux","CO2_LM.r2","CO2_LM.p.val","CO2_LM.RMSE","CO2_HM.flux","CO2_HM.r2","CO2_HM.RMSE","CO2_LM.diagnose","CO2_HM.diagnose","CO2_nb.obs","CO2_flux.term","CO2_MDF","CO2_g.fact","CH4_best.flux","CH4_model","CH4_quality.check","CH4_LM.flux","CH4_LM.r2","CH4_LM.p.val","CH4_LM.RMSE","CH4_HM.flux","CH4_HM.r2","CH4_HM.RMSE","CH4_LM.diagnose","CH4_HM.diagnose","CH4_nb.obs","CH4_flux.term","CH4_MDF","CH4_g.fact","Area_cm2","Vtot_L","Tcham_C","Pcham_kPa"
"E1_50cm","E1","Mata Folha Miuda",2026-05-27,"15:12",50,2026-05-27 15:12:00,0.820678839997296,"HM","AICc",0.816490946606232,0.995258762960873,1.67943192408458e-212,3.60450958409966,0.820678839997296,0.99505384423187,3.68221958354695,"","",183,0.823635221613794,0.0157525862057283,1.00512913634679,29.6912177697398,"LM","MAE | AICc",29.6912177697398,0.991099406437976,9.55603185323769e-188,179.966155094034,29.7923590508791,0.990882445445392,182.174183108183,"Noise (LM.MAE)","Noise (HM.MAE)",183,0.823635221613794,0.00270044334955342,1.00340643761814,600,1.26350382616539,28,101.3
"E1_80cm","E1","Mata Folha Miuda",2026-05-27,"15:17",80,2026-05-27 15:17:00,0.746156422297602,"HM","AICc",0.733885081874818,0.999498440981638,1.03035092724179e-201,0.706153592916367,0.746156422297602,0.999495472449614,0.708329123630092,"","",123,0.823210420709578,0.0234246867681587,1.01672106536276,3.39730694984912,"LM","MAE | AICc",3.39730694984912,0.99863729304721,1.88379516300794e-175,5.39053350662376,3.43661373269841,0.998556740412205,5.54866146430233,"Noise (LM.MAE)","Noise (HM.MAE)",123,0.823210420709578,0.00401566058882721,1.01156998276268,600,1.26350382616539,28,101.3
"E13_50cm","E13","Mata Mata Folha Miuda",2026-05-27,"15:24",50,2026-05-27 15:24:00,1.42817952538522,"HM","",1.39313340874121,0.999405769310505,4.20163306577108e-202,1.49404059960859,1.42817952538522,0.999446941258943,1.44135344653628,"","",126,0.823678950742756,0.0228799708539654,1.025156324889,49.903623935585,"HM","MAE",48.7374978365234,0.999350197562107,1.07314389523139e-199,54.6585402083487,49.903623935585,0.99937672558602,53.5313375462923,"Noise (LM.MAE)","Noise (HM.MAE)",126,0.823678950742756,0.00392228071782265,1.02392667147117,600,1.26350382616539,28,101.3
"E13_80cm","E13","Mata Mata Folha Miuda",2026-05-27,"15:28",80,2026-05-27 15:28:00,1.75173998790277,"HM","",1.54728985695254,0.998752315096036,2.13071775500142e-189,2.50212331782504,1.75173998790277,0.999833152511594,0.914989450247818,"","",131,0.823333222668557,0.0219974525140454,1.13213434446788,9.86027479356129,"HM","",9.41613221179438,0.999768590815645,1.35547313482125e-236,6.55432949571314,9.86027479356129,0.999915382869422,3.96339284875451,"Noise (LM.MAE)","Noise (HM.MAE)",131,0.823333222668557,0.00377099185955064,1.04716826099899,600,1.26350382616539,28,101.3
"E20_50cm","E20","Macucú",2026-05-27,"15:36",50,2026-05-27 15:36:00,1.44248784660818,"LM","MAE | AICc",1.44248784660818,0.993946993357467,2.70340530616395e-257,9.13877862171434,1.45447243143555,0.993773747817265,9.26876507497294,"Noise (LM.MAE)","Noise (HM.MAE)",232,0.82313960806281,0.012418054431982,1.00830827438549,60.9268834368529,"LM","MAE | AICc",60.9268834368529,0.989983163038876,3.89139080971e-232,497.540692524282,61.374535646471,0.989831359801119,501.325761529903,"Noise (LM.MAE)","Noise (HM.MAE)",232,0.82313960806281,0.00212880933119692,1.00734736760468,600,1.26350382616539,28,101.3
"E20_80cm","E20","Macucú",2026-05-27,"15:46",80,2026-05-27 15:46:00,1.46484028247822,"HM","",1.42637679433992,0.999872463180225,0,1.80497873495166,1.46484028247822,0.999920179664588,1.42794365899627,"","",320,0.823157669705379,0.00900328701240258,1.02696586784847,32.9088030627027,"HM","",32.0394921452727,0.999891762036234,0,37.3500584277186,32.9088030627027,0.999940024659582,27.8027554453644,"Noise (LM.MAE)","Noise (HM.MAE)",320,0.823157669705379,0.00154342063069759,1.02713248117318,600,1.26350382616539,28,101.3
"E33_40cm","E33","Acapurana",2026-05-27,"15:57",40,2026-05-27 15:57:00,1.77522818257971,"HM","",1.71585875719228,0.997901015811564,1.57143648280913e-181,3.73581683647716,1.77522818257971,0.997984249770022,3.66099681043213,"","",136,0.823901869189935,0.0212033569276821,1.03460041517903,57.7712659185013,"HM","MAE",55.5195163684793,0.998172475933896,1.46707695745723e-185,112.776356144577,57.7712659185013,0.99828613185253,109.213219420097,"Noise (LM.MAE)","Noise (HM.MAE)",136,0.823901869189935,0.00363486118760265,1.04055780196422,600,1.26350382616539,28,101.3
"E33_80cm","E33","Acapurana",2026-05-27,"16:01",80,2026-05-27 16:01:00,1.62686500820945,"HM","",1.54378303628267,0.999706769246147,7.11817221430592e-246,1.29255052286158,1.62686500820945,0.999896695139199,0.767190378584045,"","",140,0.823692662050546,0.0205923165512637,1.05381712972234,14.1680150635097,"HM","",12.4415098881912,0.998776595655823,4.54402698839644e-203,21.2870404610194,14.1680150635097,0.999947394578162,4.41413417616545,"Noise (LM.MAE)","Noise (HM.MAE)",140,0.823692662050546,0.00353011140878806,1.13876974666533,600,1.26350382616539,28,101.3
"E65_40cm","E65","Piranheira (struck through)",2026-05-27,"17:05",40,2026-05-27 17:05:00,1.86997578099509,"HM","",1.75243913578629,0.998747750683228,6.86277792170108e-140,2.10064166406667,1.86997578099509,0.9990474181092,1.83213610754801,"","",97,0.822791590652624,0.0296883563637545,1.06707031520159,444.750631881218,"LM","MAE | AICc",444.750631881218,0.99925343877089,1.46787232175641e-150,411.53250834075,451.444758658486,0.999233502770593,417.055239919306,"Noise (LM.MAE)","Noise (HM.MAE)",97,0.822791590652624,0.00508943251950077,1.01505141600126,600,1.26350382616539,28,101.3
"N26_45cm","N26","Piranhieira",2026-05-27,"13:57",45,2026-05-27 13:57:00,1.47425205424477,"HM","",1.36767216109431,0.999266319629799,5.59903160163126e-209,1.73396977207504,1.47425205424477,0.999658675111956,1.18269306622421,"","",134,0.823598103187446,0.021511890754896,1.07792795392222,91.5028296054559,"HM","",84.8127230882409,0.99829966970025,6.91927213765039e-185,163.772997886226,91.5028296054559,0.998710927089963,142.598314692852,"Noise (LM.MAE)","Noise (HM.MAE)",134,0.823598103187446,0.00368775270083931,1.07888093052094,600,1.26350382616539,28,101.3
"N26_80cm","N26","Piranhieira",2026-05-27,"14:02",80,2026-05-27 14:02:00,1.70202108973118,"HM","",1.39579986798716,0.994145524813401,1.45231089589281e-150,5.04634124027563,1.70202108973118,0.996998235385674,3.61344082354043,"Noise (LM.MAE)","",135,0.824063447575943,0.021364607900117,1.21938762767303,24.5070114282795,"HM","",22.9007419153645,0.996582305392251,4.13857838017515e-166,63.1826790192609,24.5070114282795,0.996902676312337,60.148486934198,"Noise (LM.MAE)","Noise (HM.MAE)",135,0.824063447575943,0.00366250421144864,1.07014050107422,600,1.26350382616539,28,101.3
"N29_45cm","N29","Pato de Vaca",2026-05-27,"14:10",45,2026-05-27 14:10:00,0.504202100907646,"HM","",0.369459373959996,0.988981853360968,6.85089088450464e-153,2.12894128926335,0.504202100907646,0.996198285984938,1.25054444898256,"","",156,0.82218031408804,0.0184463532006932,1.36470241776093,0.233187099413073,"HM","",0.215018200961247,0.998643080016699,6.28051085270192e-223,0.432710845529852,0.233187099413073,0.999109341529761,0.350571222107576,"","",156,0.82218031408804,0.00316223197726169,1.08449935108098,600,1.26350382616539,28,101.3
"N29_80cm","N29","Pato de Vaca",2026-05-27,"14:14",80,2026-05-27 14:14:00,0.540382243779722,"HM","",0.493443264282881,0.999053941684108,4.26171948071818e-247,0.872497643989182,0.540382243779722,0.999628489436437,0.546752644970361,"","",164,0.821381736270764,0.0175294882740712,1.09512538298614,0.144848836564509,"HM","",0.135075045960383,0.999326415238649,4.78573610970534e-259,0.201502520806199,0.144848836564509,0.999663671996839,0.142385534943184,"","",164,0.821381736270764,0.00300505513269792,1.07235822527125,600,1.26350382616539,28,101.3
"N41_45cm","N41","Socoró",2026-05-27,"14:23",45,2026-05-27 14:23:00,0.359641256227087,"HM","AICc",0.356058787522477,0.998455056940948,2.68434309542107e-200,0.701047798624938,0.359641256227087,0.99834010546833,0.726864882309204,"","",143,0.821795710754294,0.0201138810324478,1.01006145285597,0.135473896506965,"HM","AICc",0.134057590830378,0.998777271682769,1.85013175385738e-207,0.234777517988643,0.135473896506965,0.99865266594641,0.246584535290187,"","",143,0.821795710754294,0.00344809389127676,1.01056490473843,600,1.26350382616539,28,101.3
"N41_90cm","N41","Socoró",2026-05-27,"14:29",90,2026-05-27 14:29:00,0.344515456093687,"HM","AICc",0.339304515992969,0.998868890631991,7.300274236163e-238,0.647498618486059,0.344515456093687,0.998851153647567,0.65260210715997,"","",162,0.822073205199228,0.0177608408530697,1.01535770924082,0.134478693237833,"HM","AICc",0.132877728531508,0.999329170136114,5.15067443939158e-256,0.195234192042491,0.134478693237833,0.999261414090226,0.204924744662095,"","",162,0.822073205199228,0.00304471557481196,1.01204840513168,600,1.26350382616539,28,101.3
"N7a_45cm","N7a","Içé",2026-05-27,"13:26",45,2026-05-27 13:26:00,0.420296263275475,"HM","AICc",0.418319245847036,0.993689393045255,1.82695772989676e-127,1.35139925085374,0.420296263275475,0.993486762628025,1.37311380534437,"","",116,0.822388735679315,0.0248134532317035,1.00472609722853,143.20117979478,"LM","MAE | AICc",143.20117979478,0.987728308818443,5.32719235616624e-111,647.044539124353,143.676760475872,0.987490998790331,653.328897642131,"Noise (LM.MAE)","Noise (HM.MAE)",116,0.822388735679315,0.00425373483972059,1.00332106678013,600,1.26350382616539,28,101.3
"N7a_80cm","N7a","Içé",2026-05-27,"13:32",80,2026-05-27 13:32:00,0.6735624785413,"HM","",0.568288832361963,0.997029601373212,3.04745505548741e-156,1.3424064134848,0.6735624785413,0.999034231890056,0.765443396993664,"","",124,0.823715966076564,0.0232500474295804,1.18524672698879,123.161941186901,"HM","",115.108977061876,0.999463228298471,1.44174409603773e-201,115.448011490543,123.161941186901,0.999775883852326,74.5981788677833,"Noise (LM.MAE)","Noise (HM.MAE)",124,0.823715966076564,0.0039857224164995,1.06995947953474,600,1.26350382616539,28,101.3
"N7b_45cm","N7b","Araça Peua",2026-05-27,"13:41",45,2026-05-27 13:41:00,0.302239063110164,"HM","AICc",0.294969563123965,0.996831495967254,9.54822585628738e-126,0.585313702906384,0.302239063110164,0.996873015393829,0.581466141609167,"","",101,0.824185420534582,0.0285608809096142,1.02464491559471,9.65461268049353,"HM","",9.13016300653212,0.998362567760642,6.14325303048328e-140,13.0141145796878,9.65461268049353,0.998583211676594,12.1055755384566,"Noise (LM.MAE)","Noise (HM.MAE)",101,0.824185420534582,0.00489615101307672,1.05744143599476,600,1.26350382616539,28,101.3
"N7b_80cm","N7b","Araça Peua",2026-05-27,"13:46",80,2026-05-27 13:46:00,0.326895918824051,"HM","",0.305081623658127,0.998329688286513,1.03134249836711e-168,0.530714568951124,0.326895918824051,0.998657738021086,0.475752293646341,"","",122,0.824643732478259,0.0236578119973271,1.07150314366482,4.40340532893003,"LM","MAE | AICc",4.40340532893003,0.99926548567017,4.03059566275249e-190,5.07730473977009,4.44385891132567,0.999139171233904,5.49987598683877,"Noise (LM.MAE)","Noise (HM.MAE)",122,0.824643732478259,0.0040556249138275,1.00918688591528,600,1.26350382616539,28,101.3
"N88_45cm","N88","Capitarí",2026-05-27,"14:47",45,2026-05-27 14:47:00,1.6106738941784,"LM","MAE | AICc",1.6106738941784,0.461467397783489,5.01104086370465e-37,159.053326518779,1.61632063274833,0.461359221844905,159.069495698277,"Noise (LM.MAE)","Noise (HM.MAE)",262,0.823958840172229,0.0110070837427588,1.0035058236123,196.670996692358,"LM","MAE | AICc",196.670996692358,0.988623500096345,5.7661749433135e-255,1932.80491568674,199.090619662203,0.988519897007667,1941.59341610303,"Noise (LM.MAE)","Noise (HM.MAE)",262,0.823958840172229,0.00188692864161579,1.01230289676942,600,1.26350382616539,28,101.3
"N88_90cm","N88","Capitarí",2026-05-27,"14:56",90,2026-05-27 14:56:00,1.60063312082115,"HM","",1.41487198314285,0.99718104745597,1.05642537421201e-282,5.83685646016674,1.60063312082115,0.998257041108049,4.5896408577883,"Noise (LM.MAE)","",222,0.824072420034922,0.0129921327482983,1.13129183409631,63.7841014861738,"HM","AICc",63.7805354009065,0.996011016795242,4.06704557990843e-266,313.177842369442,63.7841014861738,0.996009940171606,313.220102760896,"Noise (LM.MAE)","Noise (HM.MAE)",222,0.824072420034922,0.00222722275685114,1.00005591181142,600,1.26350382616539,28,101.3
"NE10_40cm","NE10","Ingá Xixaua",2026-05-25,"18:37",40,2026-05-25 18:37:00,1.30436506897677,"LM","MAE | AICc",1.30436506897677,0.993831432266333,7.2758951130369e-168,5.44759865124571,1.31037713633222,0.99362296426693,5.53969422500935,"Noise (LM.MAE)","Noise (HM.MAE)",152,0.824938660638474,0.018995298106807,1.00460919070776,102.523937235222,"LM","MAE | AICc",102.523937235222,0.991510607609332,1.83782553315473e-157,502.900016354989,102.964510265594,0.991291793970169,509.395015068349,"Noise (LM.MAE)","Noise (HM.MAE)",152,0.824938660638474,0.00325633681830976,1.0042972699084,600,1.26350382616539,28,101.3
"NE10_80cm","NE10","Ingá Xixaua",2026-05-25,"18:42",80,2026-05-25 18:42:00,2.0045690132557,"HM","",1.16858150175741,0.975956534993476,9.93171456046332e-183,14.4121215730767,2.0045690132557,0.996928150147108,5.1514487215465,"Noise (LM.MAE)","Noise (HM.MAE)",225,0.824720001361595,0.0128289777989581,1.71538656930738,13.6393856184166,"HM","",6.97476963709035,0.963293405457615,3.07337875915335e-162,106.978175391699,13.6393856184166,0.995751691913064,36.394113161683,"Noise (LM.MAE)","Noise (HM.MAE)",225,0.824720001361595,0.00219925333696425,1.95553205741524,600,1.26350382616539,28,101.3
"NE12_40cm","NE12","Paricarana",2026-05-25,"18:21",40,2026-05-25 18:21:00,0.79190390723269,"HM","AICc",0.780672587328676,0.999474842594597,0,1.5133541656165,0.79190390723269,0.999406138810881,1.61021418082253,"","",242,0.82433706540058,0.0119222302847191,1.01438672253428,14.0870367722397,"HM","AICc",13.84520926984,0.999591118374013,0,23.6810015301556,14.0870367722397,0.999546632635752,24.9470587696352,"Noise (LM.MAE)","Noise (HM.MAE)",242,0.82433706540058,0.00204381090595185,1.01746651117268,600,1.26350382616539,28,101.3
"NE12_80cm","NE12","Paricarana",2026-05-25,"18:26",80,2026-05-25 18:26:00,0.79624535690089,"HM","",0.603203104262007,0.993943039260099,1.753269871406e-118,1.75497565566167,0.79624535690089,0.999491408784644,0.508543543000333,"","",107,0.824788360235515,0.0269790585123767,1.32002861270925,0.629075231013769,"HM","",0.618703525360796,0.999939590113522,1.52186261548668e-223,0.179235064219628,0.629075231013769,0.999951394547035,0.160897049671525,"","",107,0.824788360235515,0.00462498145926457,1.01676361169419,600,1.26350382616539,28,101.3
"NE12_160cm","NE12","Paricarana",2026-05-25,"18:29",160,2026-05-25 18:29:00,0.716325515470637,"HM","",0.57056802329498,0.994356508564783,1.62243399936285e-177,2.36753732145767,0.716325515470637,0.998000309076898,1.40930287006252,"","",158,0.825421654299382,0.0182846568990369,1.25546032414141,0.469342827707209,"HM","",0.256601778434373,0.9581276391197,1.28137772022343e-109,2.95423912729615,0.469342827707209,0.98491281807981,1.77331539830737,"Noise (LM.MAE)","Noise (HM.MAE)",158,0.825421654299382,0.00313451261126347,1.82907082940287,600,1.26350382616539,28,101.3
"NE14_40cm","NE14","Ingá",2026-05-25,"19:23",40,2026-05-25 19:23:00,1.55801427941764,"LM","MAE | AICc",1.55801427941764,0.816336835266774,1.07845166635052e-123,85.5032520517503,1.56325231201305,0.816135067475406,85.5506471057343,"Noise (LM.MAE)","Noise (HM.MAE)",332,0.824871428966455,0.00872220544224349,1.0033619926753,221.351198954804,"LM","MAE | AICc",221.351198954804,0.98295406112068,4.43289581811715e-294,3373.62469346984,222.241130501073,0.982734872099662,3395.50842471324,"Noise (LM.MAE)","Noise (HM.MAE)",332,0.824871428966455,0.00149523521867031,1.00402045053504,600,1.26350382616539,28,101.3
"NE14_80cm","NE14","Ingá",2026-05-25,"19:32",80,2026-05-25 19:32:00,1.39917013263602,"LM","MAE | AICc",1.39917013263602,0.995289592803197,1.74604731853711e-175,5.06985274082034,1.41130236499634,0.995171230246411,5.13363822926507,"Noise (LM.MAE)","Noise (HM.MAE)",151,0.824797107765317,0.0191178137561497,1.00867102011209,29.125117379392,"LM","MAE | AICc",29.125117379392,0.98949129364133,1.60643954670575e-149,158.087716362912,29.2584909138279,0.989286561140889,159.639487115205,"Noise (LM.MAE)","Noise (HM.MAE)",151,0.824797107765317,0.00327733950105424,1.00457933036625,600,1.26350382616539,28,101.3
"NE14_160cm","NE14","Ingá",2026-05-25,"19:37",160,2026-05-25 19:37:00,1.49057736884281,"HM","",1.26869587205085,0.997863699557846,2.80246440883112e-154,2.37297049840154,1.49057736884281,0.999692902243619,0.899703677283504,"","",116,0.824729315474363,0.0248840741737954,1.17488942912164,2.94884354416086,"HM","",1.9995053304411,0.988518802258665,1.19687172820493e-112,8.71053979224566,2.94884354416086,0.99950665102338,1.80562927100079,"Noise (LM.MAE)","Noise (HM.MAE)",116,0.824729315474363,0.00426584128693636,1.47478653808357,600,1.26350382616539,28,101.3
"NE31_30cm","NE31","Macucú",2026-05-25,"19:54",30,2026-05-25 19:54:00,1.3665832950241,"HM","",1.25309003735903,0.999253084523561,1.49960304855636e-222,1.71022512436763,1.3665832950241,0.999780711411823,0.92667099305662,"","",143,0.823997723099816,0.020167776439506,1.09057071262355,81.3988635301636,"HM","",75.1431755866324,0.999149543256166,1.41528107567281e-218,109.439292873682,81.3988635301636,0.999599048912379,75.1437494965751,"Noise (LM.MAE)","Noise (HM.MAE)",143,0.823997723099816,0.00345733310391531,1.08325024720733,600,1.26350382616539,28,101.3
"NE31_80cm","NE31","Macucú",2026-05-25,"20:00",80,2026-05-25 20:00:00,1.34697856022757,"HM","AICc",1.33256446279984,0.999594645293614,3.06864467163578e-258,1.43422291712316,1.34697856022757,0.999473788916588,1.63631218354589,"","",153,0.823635108297201,0.0188413260067987,1.01081681061601,17.0204431590926,"LM","MAE | AICc",17.0204431590926,0.999992735517533,0,2.45187390243204,17.2643633212057,0.999961847009425,5.64004212713414,"Noise (LM.MAE)","Noise (HM.MAE)",153,0.823635108297201,0.00322994160116549,1.01433101123356,600,1.26350382616539,28,101.3
"NE59_40cm","NE59","Uruçurana",2026-05-25,"20:15",40,2026-05-25 20:15:00,0.605877553756796,"HM","AICc",0.596044319677727,0.994384507686535,1.10616141025668e-275,3.83983624581486,0.605877553756796,0.994389889839782,3.83803159104414,"","",245,0.82329908966584,0.0117614155666549,1.01649748811361,69.7014744921612,"HM","",68.5500972740124,0.999601942974926,0,117.270628789477,69.7014744921612,0.999611433455307,115.875997273897,"Noise (LM.MAE)","Noise (HM.MAE)",245,0.82329908966584,0.0020162426685694,1.01679614273261,600,1.26350382616539,28,101.3
"NE59_80cm","NE59","Uruçurana",2026-05-25,"20:21",80,2026-05-25 20:21:00,0.485168198082116,"HM","AICc",0.477321419486934,0.997619198975339,2.16081764491174e-251,1.56573979856849,0.485168198082116,0.997580828137852,1.57844701901957,"","",192,0.823251636425379,0.0150071912890043,1.01643919228183,17.7583066414836,"LM","MAE | AICc",17.7583066414836,0.998990277941779,8.80653652640175e-287,37.909924732028,18.005747286393,0.998929416395852,39.0446705271872,"Noise (LM.MAE)","Noise (HM.MAE)",192,0.823251636425379,0.00257266136382931,1.01393379728737,600,1.26350382616539,28,101.3
"NE59_160cm","NE59","Uruçurana",2026-05-25,"20:25",160,2026-05-25 20:25:00,0.764744815416754,"HM","",0.70357413022615,0.99671463534294,1.0521843015857e-220,2.51260359676797,0.764744815416754,0.997202339753632,2.31862050661617,"","",178,0.823721573969927,0.0161967725218806,1.08694277200178,4.28138596766417,"LM","MAE | AICc",4.28138596766417,0.997300031656278,3.32793253318211e-228,13.8566824797135,4.30777241825322,0.997117147822627,14.3222740775314,"Noise (LM.MAE)","Noise (HM.MAE)",178,0.823721573969927,0.00277658957517953,1.00616306279984,600,1.26350382616539,28,101.3
"NE6_40cm","NE6","Uxirana de tuxinho",2026-05-25,"18:52",40,2026-05-25 18:52:00,0.537715477104378,"HM","",0.472110919753236,0.99637410730858,7.66049572003519e-178,1.4514957421429,0.537715477104378,0.997599297524616,1.18107496198433,"","",146,0.824078108016704,0.0197552971099895,1.13896005071315,2.08014851002105,"HM","",1.71239537811056,0.995846336387971,1.36003020692103e-173,5.63635332740717,2.08014851002105,0.998588376786117,3.28580620093076,"Noise (LM.MAE)","Noise (HM.MAE)",146,0.824078108016704,0.00338662236171248,1.2147594747168,600,1.26350382616539,28,101.3
"NE6_80cm","NE6","Uxirana de tuxinho",2026-05-25,"18:58",80,2026-05-25 18:58:00,0.537033720506238,"HM","AICc",0.52727039434424,0.997942042218789,1.44027004850334e-121,0.758645516858707,0.537033720506238,0.99795598875058,0.756094405980151,"","",91,0.824429228427136,0.0317088164779668,1.01851673499351,0.481375707954203,"HM","AICc",0.474765757476183,0.998683572398733,3.33834344169635e-130,0.546142102333326,0.481375707954203,0.998641911077585,0.554781395318922,"","",91,0.824429228427136,0.00543579711050859,1.0139225510137,600,1.26350382616539,28,101.3
"NE6_160cm","NE6","Uxirana de tuxinho",2026-05-25,"19:04",160,2026-05-25 19:04:00,0.619027095744256,"HM","AICc",0.614253686117874,0.990157156226156,1.52319106948769e-132,2.81702748721694,0.619027095744256,0.990017497467355,2.83709303020611,"","",132,0.825192579267967,0.0218801062684688,1.00777107200862,0.0910988494002037,"HM","AICc",0.0907129978967733,0.977106407766351,1.03308720598783e-108,0.63865789632589,0.0910988494002037,0.97690152774545,0.641545005805527,"","",132,0.825192579267967,0.00375087536030894,1.00425354152521,600,1.26350382616539,28,101.3
"NE8_50cm","NE8","Molongó",2026-05-25,"19:12",50,2026-05-25 19:12:00,1.18306901003216,"HM","AICc",1.16546975423218,0.999191868798298,3.87100489153642e-220,1.65258913934215,1.18306901003216,0.999130634240927,1.71454811833265,"","",143,0.82499543906776,0.020192196061099,1.01510056844982,141.772088551151,"LM","MAE | AICc",141.772088551151,0.999626692274593,8.72933066160673e-244,136.600838327961,143.91208356339,0.999567732260699,147.092219210489,"Noise (LM.MAE)","Noise (HM.MAE)",143,0.82499543906776,0.00346151932475983,1.01509461442029,600,1.26350382616539,28,101.3
"NW16_40cm","NW16","Sucuba",2026-05-26,"14:05",40,2026-05-26 14:05:00,2.46605066697676,"HM","AICc",2.4065149212071,0.918663294938237,2.87975775436299e-220,100.662392462589,2.46605066697676,0.918700307062657,100.639486764162,"Noise (LM.MAE)","Noise (HM.MAE)",402,0.824385552974456,0.0071774861577378,1.02473940437477,208.097797553791,"HM","",200.320249188435,0.998073391819841,0,1237.37344356435,208.097797553791,0.998170325672197,1205.84361547461,"Noise (LM.MAE)","Noise (HM.MAE)",402,0.824385552974456,0.00123042619846934,1.0388255725363,600,1.26350382616539,28,101.3
"NW16_80cm","NW16","Sucuba",2026-05-26,"14:14",80,2026-05-26 14:14:00,1.85466720583892,"HM","AICc",1.79816655000946,0.938663891158274,2.87275663022496e-307,81.1590998269105,1.85466720583892,0.938722775656054,81.1201328915477,"Noise (LM.MAE)","Noise (HM.MAE)",505,0.824776397240878,0.0057162720600853,1.03142125840855,101.029815438427,"HM","",91.9135978736271,0.995709044423879,0,1065.42061728737,101.029815438427,0.996306291902339,988.497040228136,"Noise (LM.MAE)","Noise (HM.MAE)",505,0.824776397240878,0.000979932353157479,1.09918246892407,600,1.26350382616539,28,101.3
"NW16_160cm","NW16","Sucuba",2026-05-26,"14:26",160,2026-05-26 14:26:00,1.41362807716743,"HM","",1.38837761750475,0.999935996337398,0,0.931752095511498,1.41362807716743,0.999956881336717,0.764775729038258,"","",240,0.824194773839555,0.0120195071184935,1.01818702588137,32.7240146506246,"LM","MAE | AICc",32.7240146506246,0.999971051269941,0,14.769442999674,33.2461190262807,0.999970761817957,14.8651188069918,"Noise (LM.MAE)","Noise (HM.MAE)",240,0.824194773839555,0.00206048693459889,1.01595477759163,600,1.26350382616539,28,101.3
"NW22_40cm","NW22","Urucurana",2026-05-26,"14:35",40,2026-05-26 14:35:00,1.01235850196696,"HM","AICc",1.00071401133204,0.999084130533939,7.52153281582259e-183,1.2784179992714,1.01235850196696,0.998999136746058,1.33684559913487,"","",121,0.824354433511517,0.0238449629528125,1.01163618226892,30.7781586830962,"LM","MAE | AICc",30.7781586830962,0.9999557308874,3.89065051539954e-261,8.64074861977647,31.2299850730761,0.999923070706725,11.410579454886,"Noise (LM.MAE)","Noise (HM.MAE)",121,0.824354433511517,0.00408770793476785,1.01468009813817,600,1.26350382616539,28,101.3
"NW22_80cm","NW22","Urucurana",2026-05-26,"14:39",80,2026-05-26 14:39:00,0.501669528330017,"HM","AICc",0.498975841640087,0.995847437595837,1.78192078070329e-129,1.2234013466874,0.501669528330017,0.995652850585421,1.25198544391111,"","",109,0.824824340383904,0.026485185241685,1.00539843107649,24.5503008935984,"LM","MAE | AICc",24.5503008935984,0.999761385814594,7.53173269463502e-196,14.4009926681145,24.8064470896442,0.99967169219878,16.9099073845037,"Noise (LM.MAE)","Noise (HM.MAE)",109,0.824824340383904,0.00454031747000314,1.01043352572972,600,1.26350382616539,28,101.3
"NW22_160cm","NW22","Urucurana",2026-05-26,"14:43",160,2026-05-26 14:43:00,1.17356290293341,"HM","",1.01122046088467,0.997138357846804,6.00535999318202e-142,2.11422223000767,1.17356290293341,0.998638193256159,1.4584807886879,"","",112,0.824640179619656,0.0257700056131143,1.16054109695003,3.78863622780451,"HM","",3.64933955430007,0.999786647089347,5.81509896691264e-204,2.08060638388148,3.78863622780451,0.999882780536246,1.54219931466623,"Noise (LM.MAE)","Noise (HM.MAE)",112,0.824640179619656,0.00441771524796244,1.03817037889508,600,1.26350382616539,28,101.3
"NW26_50cm","NW26","Macucú",2026-05-26,"14:56",50,2026-05-26 14:56:00,0.874718236279591,"LM","g-fact. > 2",0.874718236279591,0.597136195412747,2.89429938839936e-25,29.9802996357871,3.56776470296852,0.753158347887234,23.4674589244982,"Noise (LM.MAE)","Noise (HM.MAE) | Exaggerated curvature (g-fact)",120,0.824309080462053,0.0240423481801432,4.07875879911132,0.309826877909291,"LM","g-fact. > 2",0.309826877909291,0.0727019132995385,0.00168830903459661,44.0047033992467,1.14919548696926,0.122760051941973,42.8004777272349,"Noise (LM.MAE)","Noise (HM.MAE) | Exaggerated curvature (g-fact)",120,0.824309080462053,0.00412154540231027,3.70915362386899,600,1.26350382616539,28,101.3
"NW33a_40cm","NW33a","Tamanqueira",2026-05-26,"15:05",40,2026-05-26 15:05:00,0.889108572180038,"HM","AICc",0.876863645736184,0.999842497026403,1.44795818625785e-243,0.495215750085329,0.889108572180038,0.99980446891049,0.552156069383324,"","",129,0.824325709885123,0.0223654262371933,1.0139644590164,1.00760895133496,"LM","MAE | AICc",1.00760895133496,0.999734356470451,3.76655858244745e-229,0.739065529530019,1.02011032123529,0.999631765987879,0.870257606250412,"","Noise (HM.MAE)",129,0.824325709885123,0.00383407306923313,1.01240696590058,600,1.26350382616539,28,101.3
"NW33a_80cm","NW33a","Tamanqueira",2026-05-26,"15:09",80,2026-05-26 15:09:00,1.04380768001141,"HM","AICc",1.02761514910839,0.999911998201263,1.69563329652716e-320,0.53504319289479,1.04380768001141,0.99990045743196,0.56941885936459,"","",159,0.824376519171156,0.0181466529377298,1.01575738827621,0.118079471316699,"HM","AICc",0.117677032512652,0.987951723690566,8.75041188705292e-153,0.721212304277598,0.118079471316699,0.987725909848697,0.72799773930469,"","",159,0.824376519171156,0.00311085478932512,1.0034198585353,600,1.26350382616539,28,101.3
"NW39_40cm","NW39","Seringal",2026-05-26,"15:16",40,2026-05-26 15:16:00,0.472961605429033,"HM","AICc",0.468962537948956,0.996274388414547,5.19593431790804e-256,2.11498085254643,0.472961605429033,0.996139835378857,2.15312843541861,"","",211,0.823924846898244,0.0136669998300657,1.00852747747734,73.869573962391,"HM","AICc",72.8720614862248,0.99714239113552,4.76016028655533e-268,287.702572463823,73.869573962391,0.997080866347806,290.807885392354,"Noise (LM.MAE)","Noise (HM.MAE)",211,0.823924846898244,0.00234291425658268,1.01368854477041,600,1.26350382616539,28,101.3
"NW39_80cm","NW39","Seringal",2026-05-26,"15:24",80,2026-05-26 15:24:00,0.520378861625049,"HM","",0.482135225306321,0.998813233182542,3.41090700963631e-195,0.777533049536369,0.520378861625049,0.999209138313341,0.634726205351557,"","",134,0.823667338773956,0.0215136991470809,1.07932139016482,52.3757775923017,"HM","",42.3952967061793,0.996188468102842,9.50349365131894e-162,122.687929787578,52.3757775923017,0.999300490559052,52.559212462424,"Noise (LM.MAE)","Noise (HM.MAE)",134,0.823667338773956,0.00368806271092816,1.2354148139425,600,1.26350382616539,28,101.3
"NW39_160cm","NW39","Seringal",2026-05-26,"15:29",160,2026-05-26 15:29:00,0.420709892744954,"HM","AICc",0.415529494797753,0.998850544918649,8.01349468266177e-211,0.70893329050479,0.420709892744954,0.998747339688578,0.740102010283902,"","",144,0.823622182537523,0.0200185947144537,1.01246698011106,8.18761615977606,"HM","",7.76586845651645,0.999570476052059,3.55500823030056e-241,8.09628661451329,8.18761615977606,0.999760410520476,6.04680627060482,"Noise (LM.MAE)","Noise (HM.MAE)",144,0.823622182537523,0.00343175909390634,1.054307860817,600,1.26350382616539,28,101.3
"NW46B_40cm","NW46B","Socoró",2026-05-26,"16:12",40,2026-05-26 16:12:00,0.679421175063249,"HM","AICc",0.669780707828447,0.999047250250738,1.349997324743e-278,1.33619345860964,0.679421175063249,0.99899879049883,1.37001765717139,"","",185,0.824422751489224,0.0155971871903367,1.01439346807414,30.59424474578,"LM","MAE | AICc",30.59424474578,0.997358397156524,4.51864875398313e-238,101.715274117909,30.9699228157466,0.997272027128922,103.376091177123,"Noise (LM.MAE)","Noise (HM.MAE)",185,0.824422751489224,0.00267380351834343,1.01227937061654,600,1.26350382616539,28,101.3
"NW46B_120cm","NW46B","Socoró",2026-05-26,"16:20",120,2026-05-26 16:20:00,0.605901096520684,"HM","",0.595769311709579,0.999721174795522,0,0.650239045934154,0.605901096520684,0.999732442439841,0.637064476020208,"","",187,0.82376909281473,0.0154181381008105,1.01700622138799,1.03939692554056,"HM","AICc",1.02543840825941,0.999748500376898,0,1.06292163598044,1.03939692554056,0.999687859924183,1.18501454984902,"Noise (LM.MAE)","Noise (HM.MAE)",187,0.82376909281473,0.00264310938871037,1.01361224347432,600,1.26350382616539,28,101.3
"NW46a_40cm","NW46a","Mata Mata folha miuda",2026-05-26,"15:42",40,2026-05-26 15:42:00,0.813514245990511,"HM","",0.780349091429739,0.999739029806248,0,1.4377010321479,0.813514245990511,0.999856085086365,1.06764293675374,"","",326,0.824001607388154,0.00884664302410595,1.04250040773419,35.9076318261382,"HM","",35.2812437470579,0.999844628240991,0,50.1523473564504,35.9076318261382,0.999864261428083,46.8778616011396,"Noise (LM.MAE)","Noise (HM.MAE)",326,0.824001607388154,0.00151656737556102,1.01775413824896,600,1.26350382616539,28,101.3
"NW46a_80cm","NW46a","Mata Mata folha miuda",2026-05-26,"15:52",80,2026-05-26 15:52:00,0.735425887688804,"HM","AICc",0.729272743611968,0.99905094074353,0,2.10595937007016,0.735425887688804,0.998914153290064,2.25369734704359,"","",268,0.824173041761768,0.0107634539036052,1.00843737014818,2.72847800470017,"LM","MAE | AICc",2.72847800470017,0.999116046280535,0,7.60386617336652,2.7508758379193,0.99897563315727,8.18995109146504,"Noise (LM.MAE)","Noise (HM.MAE)",268,0.824173041761768,0.00184516352633232,1.00820891104145,600,1.26350382616539,28,101.3
"NW46a_160cm","NW46a","Mata Mata folha miuda",2026-05-26,"16:00",160,2026-05-26 16:00:00,0.957950140656894,"HM","",0.916198633311872,0.999746805547695,1.82772362163937e-302,0.859879595942775,0.957950140656894,0.99988163807682,0.587917729833383,"","",169,0.824756642665445,0.0170807588717696,1.0455703663234,0.475163657645005,"HM","AICc",0.467757646328861,0.999908485268732,0,0.263907909101732,0.475163657645005,0.999903221231718,0.271567240679927,"","",169,0.824756642665445,0.00292813009230336,1.01583300962425,600,1.26350382616539,28,101.3
"NW48_40cm","NW48","Mututi",2026-05-26,"16:29",40,2026-05-26 16:29:00,0.42138086939391,"HM","AICc",0.415206695875151,0.999234150682533,4.67981820652043e-242,0.627092808432387,0.42138086939391,0.999208698344178,0.63753163618831,"","",156,0.822790083456733,0.0184600339237087,1.01487012030417,74.1157166725549,"LM","MAE | AICc",74.1157166725549,0.999947686028006,0,29.2456286954015,75.2269839995741,0.999923182288113,35.4968228850823,"Noise (LM.MAE)","Noise (HM.MAE)",156,0.822790083456733,0.00316457724406436,1.0149936798416,600,1.26350382616539,28,101.3
"NW48_80cm","NW48","Mututi",2026-05-26,"16:36",80,2026-05-26 16:36:00,0.309675649812907,"HM","AICc",0.306198387185405,0.996867129666211,5.45480055451783e-126,0.605217823404483,0.309675649812907,0.996782374403324,0.613356209929991,"","",101,0.822742624252241,0.028510883018642,1.01135624083283,31.4742960833507,"HM","",30.0077233974735,0.99979682611755,8.4424941758369e-185,15.082513828301,31.4742960833507,0.999955012118839,7.09720846692827,"Noise (LM.MAE)","Noise (HM.MAE)",101,0.822742624252241,0.00488757994605292,1.0488731739643,600,1.26350382616539,28,101.3
"NW48_160cm","NW48","Mututi",2026-05-26,"16:41",160,2026-05-26 16:41:00,0.322009310820077,"HM","",0.312487472719306,0.998334918175712,2.86928832554197e-188,0.60579959534776,0.322009310820077,0.998395938865306,0.594595539567175,"","",136,0.823953435907933,0.0212046840123365,1.03047110342668,8.42165402375744,"HM","",7.93431064736684,0.999659337188526,1.93671377361836e-234,6.95287453178017,8.42165402375744,0.999902078762012,3.72769590825171,"Noise (LM.MAE)","Noise (HM.MAE)",136,0.823953435907933,0.00363508868782912,1.06142227069876,600,1.26350382616539,28,101.3
"NW78_40cm","NW78","Macucú",2026-05-26,"16:50",40,2026-05-26 16:50:00,1.12863871578182,"HM","",0.878734554009408,0.99404206293963,4.95781718362724e-140,2.99210992483055,1.12863871578182,0.998306054781748,1.59543556801495,"","",126,0.823639947682539,0.0228788874356261,1.28439095814792,38.1176514488157,"HM","",36.3799761008429,0.998776194617425,1.19262293365127e-182,56.0101901102442,38.1176514488157,0.998920153843207,52.6128479268037,"Noise (LM.MAE)","Noise (HM.MAE)",126,0.823639947682539,0.00392209498896447,1.04776460938721,600,1.26350382616539,28,101.3
"NW78_80cm","NW78","Macucú",2026-05-26,"16:54",80,2026-05-26 16:54:00,0.978747766187047,"HM","AICc",0.970729916103772,0.999015447913769,1.69581049821987e-185,1.318792015274,0.978747766187047,0.998876057145912,1.40974623524009,"","",124,0.82375470927542,0.0232511409876127,1.00825960954769,5.89452026442307,"LM","MAE | AICc",5.89452026442307,0.999100834418943,6.69913666077228e-188,7.65258991266118,5.94280805047729,0.998959635386769,8.23597585909807,"Noise (LM.MAE)","Noise (HM.MAE)",124,0.82375470927542,0.00398590988359074,1.00819197897167,600,1.26350382616539,28,101.3
"NW78_160cm","NW78","Macucú",2026-05-26,"16:57",160,2026-05-26 16:57:00,0.92277722334008,"HM","",0.86725641486284,0.999395791921024,4.25949537806935e-237,1.10215382895634,0.92277722334008,0.999661213042708,0.825300847249772,"","",148,0.823773579470222,0.0194811319469309,1.0640189078175,1.24574819509438,"LM","MAE | AICc",1.24574819509438,0.999032450854232,3.60537497183156e-222,2.00376430302749,1.2566946699209,0.998907146188572,2.13085701595042,"Noise (LM.MAE)","Noise (HM.MAE)",148,0.823773579470222,0.00333962261947387,1.00878706858226,600,1.26350382616539,28,101.3
"NW9_40cm","NW9","Uxirana de uxinho",2026-05-26,"13:44",40,2026-05-26 13:44:00,1.33126902441046,"HM","AICc",1.31185469701247,0.999824115843081,0,1.86915068004033,1.33126902441046,0.99977365434862,2.12234721014724,"","",307,0.823621183988294,0.00938981805849847,1.01479914463255,6.55518271571096,"LM","MAE | AICc",6.55518271571096,0.999824944491005,0,9.3178932612227,6.64065994299814,0.999729452078415,11.6008868374472,"Noise (LM.MAE)","Noise (HM.MAE)",307,0.823621183988294,0.00160968309574259,1.0130396406926,600,1.26350382616539,28,101.3
"NW9_80cm","NW9","Uxirana de uxinho",2026-05-26,"13:52",80,2026-05-26 13:52:00,1.34428034777337,"HM","AICc",1.33557934365734,0.997334132066464,1.84738444765237e-187,3.51864153782395,1.34428034777337,0.997160257909553,3.63248654501275,"","",146,0.824211993701716,0.0197585066983288,1.00651477889154,1.02864431832378,"LM","MAE | AICc",1.02864431832378,0.975296044234365,7.76453118244614e-118,8.34166378840379,1.03083014999924,0.975038691718449,8.38558734463799,"Noise (LM.MAE)","Noise (HM.MAE)",146,0.824211993701716,0.00338717257685637,1.0021249635433,600,1.26350382616539,28,101.3
"NW9_120cm","NW9","Uxirana de uxinho",2026-05-26,"13:56",120,2026-05-26 13:56:00,1.23512019763475,"HM","",1.03228696130517,0.996509583930589,3.49375130822551e-185,3.21844003078715,1.23512019763475,0.998750203694159,1.92586765811621,"","",151,0.824654655175449,0.0191145118749276,1.19648919722199,0.342515675779829,"HM","",0.297302671638419,0.996481200285003,6.38764142226539e-185,0.93069763314706,0.342515675779829,0.99793643189844,0.712722941606354,"Noise (LM.MAE)","",151,0.824654655175449,0.00327677346427331,1.15207735568686,600,1.26350382616539,28,101.3
"S10_40cm","S10","Araçá Peua",2026-05-25,"17:12",40,2026-05-25 17:12:00,-0.0272865367781247,"LM","AICc | g-fact. > 2",-0.0272865367781247,-0.00282355775217069,0.982914454335963,2926.87789930719,-0.936962440044803,-0.00271200481123901,2926.7151035116,"Noise (LM.MAE)","Noise (HM.MAE) | Exaggerated curvature (g-fact)",356,0.841151596663828,0.00826974884360505,34.3379025218018,-3.52469037157161,"LM","MAE | AICc",-3.52469037157161,0.146712217518851,4.17574031816882e-14,1028.67380608397,-4.16155041765595,0.141181350496796,1032.031113414,"Noise (LM.MAE)","Noise (HM.MAE)",356,0.841151596663828,0.00141767123033229,1.18068538763601,600,1.26350382616539,28,101.3
"S10_80cm","S10","Araçá Peua",2026-05-25,"17:20",80,2026-05-25 17:20:00,-0.232908498252539,"LM","MAE | AICc | g-fact. > 2",-0.232908498252539,-0.0023725861965922,0.848289281067516,3446.67072435503,-79.8268038679321,-0.000207586423773609,3442.94652292717,"Noise (LM.MAE)","Noise (HM.MAE) | Exaggerated curvature (g-fact)",408,0.837762455830616,0.00718668773384107,342.738905908779,-1.31649088345466,"HM","AICc",-1.27160613881412,0.0243884679898992,0.00090636518202244,1077.59102410282,-1.31649088345466,0.0232801952646317,1078.21024116961,"Noise (LM.MAE)","Noise (HM.MAE)",408,0.837762455830616,0.00123200361151561,1.0352976784796,600,1.26350382616539,28,101.3
"S10_160cm","S10","Araçá Peua",2026-05-25,"17:29",160,2026-05-25 17:29:00,-1.7492960505248,"LM","MAE | AICc",-1.7492960505248,-0.00102350175113597,0.399608314398828,3357.58697477568,-1.78117177103202,-0.00117807328606911,3357.85052192245,"Noise (LM.MAE)","Noise (HM.MAE)",283,0.845753305133925,0.0104598465299249,1.0182220273679,2.61580227067525,"LM","MAE | AICc",2.61580227067525,0.0277376450343536,0.00287230760169941,1408.31272629695,2.6125820283867,0.0277248909150239,1408.32213474593,"Noise (LM.MAE)","Noise (HM.MAE)",283,0.845753305133925,0.00179311654798712,0.998768927481773,600,1.26350382616539,28,101.3
"S14a_40cm","S14a","Molongó",2026-05-25,"20:42",40,2026-05-25 20:42:00,1.49000581862599,"HM","",1.36733974098005,0.997940461019323,1.23998823822036e-289,4.69290311185236,1.49000581862599,0.998432059221078,4.09469358014842,"","",216,0.823401373653389,0.0133421518879021,1.08971148425629,1.95089370818253,"HM","",1.72994141781238,0.996353380422676,4.39183257489227e-263,7.90680036729652,1.95089370818253,0.997315281098359,6.78429859915016,"Noise (LM.MAE)","Noise (HM.MAE)",216,0.823401373653389,0.00228722603792608,1.12772241192396,600,1.26350382616539,28,101.3
"S14a_80cm","S14a","Molongó",2026-05-25,"20:50",80,2026-05-25 20:50:00,1.49201434813465,"HM","",1.21611328592089,0.996965888070189,2.74936435705437e-168,3.14056036561432,1.49201434813465,0.999921262486559,0.505920403038169,"","",134,0.823191344329696,0.0215012664563726,1.22687118495284,0.0925567679209028,"LM","g-fact. > 2",0.0925567679209028,0.639910191724463,2.76602273870995e-31,3.24339399011004,0.935600478739863,0.979597868744925,0.772026239764367,"Noise (LM.MAE)","Noise (HM.MAE) | Exaggerated curvature (g-fact)",134,0.823191344329696,0.00368593139252103,10.1083961741124,600,1.26350382616539,28,101.3
"S14b_40cm","S14b","Ripeira",2026-05-26,"17:38",40,2026-05-26 17:38:00,3.34546704757608,"LM","MAE | AICc",3.34546704757608,0.996646363264918,0,23.1510529175719,3.37602658863132,0.996498805364413,23.6605070245034,"Noise (LM.MAE)","Noise (HM.MAE)",341,0.823936239049892,0.00845682356796077,1.00913461128765,318.380046759108,"LM","MAE | AICc",318.380046759108,0.995104628552815,0,2663.97304830396,320.343308801495,0.994924447143623,2712.97771358107,"Noise (LM.MAE)","Noise (HM.MAE)",341,0.823936239049892,0.00144974118307899,1.00616641043423,600,1.26350382616539,28,101.3
"S14b_80cm","S14b","Ripeira",2026-05-26,"17:46",80,2026-05-26 17:46:00,2.84567196116899,"LM","MAE | AICc",2.84567196116899,0.996376883109382,0,19.153072828165,2.8695466857524,0.996219820856163,19.5673047563813,"Noise (LM.MAE)","Noise (HM.MAE)",319,0.823734470761453,0.00903783902089368,1.00838983723676,155.508287903639,"LM","MAE | AICc",155.508287903639,0.999322208004938,0,452.038351069053,157.065432119915,0.999182244083992,497.000875016874,"Noise (LM.MAE)","Noise (HM.MAE)",319,0.823734470761453,0.0015493438321532,1.01001325548154,600,1.26350382616539,28,101.3
"S14b_160cm","S14b","Ripeira",2026-05-26,"17:55",160,2026-05-26 17:55:00,2.96476897061585,"HM","",2.58617310309955,0.997094230159957,2.08077829295596e-291,11.2164544848399,2.96476897061585,0.998334418320559,8.49196039578958,"Noise (LM.MAE)","Noise (HM.MAE)",230,0.824602265421141,0.0125482953433652,1.14639231498562,26.954658993421,"HM","",23.4948448388798,0.996835703412678,3.45224879167238e-287,106.349300368626,26.954658993421,0.998086912809178,82.6919870027386,"Noise (LM.MAE)","Noise (HM.MAE)",230,0.824602265421141,0.00215113634457689,1.14725843810706,600,1.26350382616539,28,101.3
"S19_40cm","S19","Envira Preta",2026-05-26,"21:01",40,2026-05-26 21:01:00,1.66391161229661,"LM","MAE | AICc",1.66391161229661,0.746420429528486,2.02836958360081e-61,68.1020376682265,1.72950870972426,0.746485634889893,68.0932815055026,"Noise (LM.MAE)","Noise (HM.MAE)",201,0.823528392182445,0.0143400466300426,1.03942342666694,274.772206484086,"HM","",232.270772718295,0.991313919644167,2.81969975787446e-207,1528.00365819337,274.772206484086,0.993142560111603,1357.66767297684,"Noise (LM.MAE)","Noise (HM.MAE)",201,0.823528392182445,0.0024582937080073,1.18298227223508,600,1.26350382616539,28,101.3
"S19_80cm","S19","Envira Preta",2026-05-26,"21:06",80,2026-05-26 21:06:00,1.13410852021408,"HM","",1.11567741032282,0.999618111270819,2.54083295703618e-200,0.897474788050995,1.13410852021408,0.999630504071548,0.882884899386861,"","",118,0.824098053441136,0.0244435863308812,1.01652010672684,119.235595938524,"HM","",116.435179824518,0.999869337519858,2.45097114067545e-227,54.7798404781336,119.235595938524,0.999904955312396,46.727593719294,"Noise (LM.MAE)","Noise (HM.MAE)",118,0.824098053441136,0.00419032908529391,1.02405128860733,600,1.26350382616539,28,101.3
"S19_160cm","S19","Envira Preta",2026-05-26,"21:09",160,2026-05-26 21:09:00,1.228833108746,"HM","AICc",1.20982122015339,0.998869903621622,9.57454745299782e-188,1.81459507062876,1.228833108746,0.99884755647347,1.83261805776506,"","",128,0.825338907626128,0.0225678607554019,1.01571462648853,45.9818040148064,"HM","",43.7902935102342,0.998552115539444,5.76960978822394e-181,74.3556797501762,45.9818040148064,0.998718321735923,69.9578903322797,"Noise (LM.MAE)","Noise (HM.MAE)",128,0.825338907626128,0.00386877612949748,1.05004557697381,600,1.26350382616539,28,101.3
"S30_40cm","S30","Uxí",2026-05-26,"21:59",40,2026-05-26 21:59:00,0.681720022765827,"HM","",0.573652379489106,0.995823913802479,6.78002582600381e-164,1.78873515974031,0.681720022765827,0.997963594292648,1.24908924593195,"","",138,0.824281953492019,0.0209057017190005,1.18838524364349,0.566816173755493,"HM","",0.428319510758048,0.992839558355271,5.69446658502408e-148,1.75144794824579,0.566816173755493,0.998508801493885,0.799272848322985,"Noise (LM.MAE)","Noise (HM.MAE)",138,0.824281953492019,0.00358383458040008,1.32334894750027,600,1.26350382616539,28,101.3
"S30_80cm","S30","Uxí",2026-05-26,"22:03",80,2026-05-26 22:03:00,0.752648481173108,"HM","AICc",0.740981470452387,0.999737815933144,8.97671879204329e-262,0.615636251961547,0.752648481173108,0.999722877241701,0.633120354937891,"","",147,0.824265449313605,0.0196253678408001,1.01574534746948,0.269515091559832,"HM","",0.24851217442995,0.997111505924569,3.18715443961708e-186,0.686221589455194,0.269515091559832,0.997574926518875,0.628768951433266,"","",147,0.824265449313605,0.00336434877270859,1.0845146406934,600,1.26350382616539,28,101.3
"S53_40cm","S53","Paricarana",2026-05-25,"21:39",40,2026-05-25 21:39:00,0.00813026125703728,"LM","g-fact. > 2",0.00813026125703728,0.00599446404769022,0.0701664013690079,11.6985152880726,0.0184403344795293,0.0137125296403063,11.6530095764326,"Noise (LM.MAE)","Noise (HM.MAE) | Exaggerated curvature (g-fact)",382,0.822685037270721,0.00753769013206158,2.2681109372184,0.563029667208713,"HM","AICc",0.563421509236821,0.345516254138437,4.39806901038434e-37,103.547271668042,0.563029667208713,0.345384094778512,103.557880522083,"Noise (LM.MAE)","Noise (HM.MAE)",382,0.822685037270721,0.00129217545121056,0.999304531293741,600,1.26350382616539,28,101.3
"S53_80cm","S53","Paricarana",2026-05-25,"21:43",80,2026-05-25 21:43:00,-0.011301520465153,"HM","AICc | MDF",-0.0113342842191632,0.0123834951010136,0.0762181116856665,5.13248379161394,-0.011301520465153,0.0122805965345996,5.1327515516039,"Noise (LM.MAE) | MDF (LM)","Noise (HM.MAE) | MDF (HM)",175,0.822616014685326,0.0164523202937065,0.99710932306119,1.08312303210849,"LM","g-fact. > 2",1.08312303210849,0.567613957111882,1.54468355211518e-33,57.7603893610983,2.90444457111325,0.642164981112081,52.5455205292348,"Noise (LM.MAE)","Noise (HM.MAE) | Exaggerated curvature (g-fact)",175,0.822616014685326,0.0028203977646354,2.68154631100331,600,1.26350382616539,28,101.3
"S53_160cm","S53","Paricarana",2026-05-25,"21:48",160,2026-05-25 21:48:00,-0.163969345866519,"HM","AICc",-0.140317521822791,0.0224916494219375,0.0157604092844376,63.4837550566973,-0.163969345866519,0.0226648162325925,63.478131721705,"Noise (LM.MAE)","Noise (HM.MAE)",215,0.822576209888912,0.0133907755098195,1.16855930561259,108.569284325675,"LM","MAE | AICc",108.569284325675,0.836620547499682,5.81131847445216e-86,3609.88421644194,121.084383767435,0.747843217190501,5053.44558349991,"Noise (LM.MAE)","Noise (HM.MAE)",215,0.822576209888912,0.00229556151596906,1.11527292935098,600,1.26350382616539,28,101.3
"S63a_40cm","S63a","Munguba",2026-05-25,"21:19",40,2026-05-25 21:19:00,-0.000143473483990876,"HM","AICc | MDF",-0.000113168197916788,-0.00594810943372925,0.978723516152081,3.27386568387914,-0.000143473483990876,-0.00594556035718741,3.27386153588214,"MDF (LM)","MDF (HM)",170,0.823210617522608,0.0169484538901713,1.26778977338113,-1.39570343352036,"LM","g-fact. > 2",-1.39570343352036,0.267569162772989,3.08128102314458e-13,136.15089770714,-14.3975244501177,0.570623853344561,104.245221346813,"Noise (LM.MAE)","Noise (HM.MAE) | Exaggerated curvature (g-fact)",170,0.823210617522608,0.00290544923831509,10.3156043786487,600,1.26350382616539,28,101.3
"S63a_80cm","S63a","Munguba",2026-05-25,"21:24",80,2026-05-25 21:24:00,-0.120080093387378,"LM","g-fact. > 2",-0.120080093387378,0.440779931004981,8.03400192726166e-24,8.25046518298787,-0.537156747159068,0.595937841028511,7.01311808577541,"Noise (LM.MAE)","Noise (HM.MAE) | Exaggerated curvature (g-fact)",175,0.822780984049089,0.0164556196809818,4.47332053137402,-2.81260897975882,"LM","MAE | AICc",-2.81260897975882,0.828331441337193,2.5506351165947e-68,78.3427296120859,-3.09315456141615,0.822330072947389,79.7035660104767,"Noise (LM.MAE)","Noise (HM.MAE)",175,0.822780984049089,0.00282096337388259,1.09974567516363,600,1.26350382616539,28,101.3
"S63a_160cm","S63a","Munguba",2026-05-25,"21:30",160,2026-05-25 21:30:00,-0.0547768209905487,"HM","AICc",-0.0547269959747866,0.211137328569662,8.78968032241642e-08,4.33148711686165,-0.0547768209905487,0.209285376393788,4.33657927868143,"Noise (LM.MAE)","Noise (HM.MAE)",119,0.822444768604698,0.0241895520177852,1.00091042848003,-1.29873975027056,"LM","MAE | AICc",-1.29873975027056,0.130765936876924,3.15975353540559e-05,135.496795890568,-1.28966553797563,0.125290107490754,135.92727660754,"Noise (LM.MAE)","Noise (HM.MAE)",119,0.822444768604698,0.00414678034590604,0.993013063400091,600,1.26350382616539,28,101.3
"S7_40cm","S7","Socoró",2026-05-25,"20:27",40,2026-05-25 20:27:00,0.754042000408197,"HM","",0.682599883175275,0.999011934317209,5.9748855182678e-202,1.01159749511301,0.754042000408197,0.99970494684449,0.55279609849822,"","",135,0.823889717902312,0.0213601037974673,1.10466177770291,4.52673750428384,"LM","MAE | AICc",4.52673750428384,0.999258322027501,3.10701468475155e-210,5.81150319468495,4.56687928668895,0.999128436524885,6.30324069143503,"Noise (LM.MAE)","Noise (HM.MAE)",135,0.823889717902312,0.00366173207956583,1.00886770712177,600,1.26350382616539,28,101.3
"S7_80cm","S7","Socoró",2026-05-25,"20:30",80,2026-05-25 20:30:00,0.680940851168105,"HM","",0.648782623793817,0.999309491609675,1.64524153842838e-120,0.456997025866315,0.680940851168105,0.999471876802606,0.399665366583457,"","",77,0.823959082993501,0.0374526855906137,1.04956702937918,4.68084347930941,"LM","MAE | AICc",4.68084347930941,0.999988465529346,3.73391532608806e-187,0.425997538403492,4.74812221453675,0.999953738391007,0.855728109165162,"","Noise (HM.MAE)",77,0.823959082993501,0.00642046038696234,1.01437320763335,600,1.26350382616539,28,101.3
"S7_160cm","S7","Socoró",2026-05-25,"20:35",160,2026-05-25 20:35:00,1.46381517459507,"HM","",1.36073472790626,0.997978139412433,9.4656917308822e-284,4.5198734227444,1.46381517459507,0.998332140492882,4.10516296161997,"","",211,0.823399579331994,0.0136582868609572,1.07575352092867,1.94168609835784,"HM","",1.72458889246203,0.996169580519735,9.43586671845627e-255,7.89183413831167,1.94168609835784,0.997096476843162,6.87096011442802,"Noise (LM.MAE)","Noise (HM.MAE)",211,0.823399579331994,0.00234142060473553,1.12588345364204,600,1.26350382616539,28,101.3
"SE17_40cm","SE17","Envira Basurinha",2026-05-22,"21:59",40,2026-05-22 21:59:00,1.1255100646302,"LM","MAE | AICc",1.1255100646302,0.275062688308695,4.0784575997266e-14,111.788553554274,1.13047706623169,0.275006064686912,111.792971864958,"Noise (LM.MAE)","Noise (HM.MAE)",177,0.826603500359412,0.0163452669562596,1.0044131116705,274.847681118844,"HM","",251.675972396481,0.990160905665977,8.89109910658047e-178,1546.30561420467,274.847681118844,0.990713706259486,1502.23881436732,"Noise (LM.MAE)","Noise (HM.MAE)",177,0.826603500359412,0.00280204576393021,1.0920696103872,600,1.26350382616539,28,101.3
"SE17_80cm","SE17","Envira Basurinha",2026-05-22,"22:03",80,2026-05-22 22:03:00,0.975339472991313,"HM","AICc",0.969332770177481,0.99702764753781,1.89720219001345e-133,1.9493193753426,0.975339472991313,0.996853277784072,2.00630351551062,"","",106,0.826795717677844,0.0272998586025703,1.00619673965292,149.599412554009,"HM","",140.93619713058,0.999612845859021,1.76325244233713e-179,102.156852784653,149.599412554009,0.999861488356349,61.1038664578797,"Noise (LM.MAE)","Noise (HM.MAE)",106,0.826795717677844,0.00467997576044062,1.06146905904806,600,1.26350382616539,28,101.3
"SE17_160cm","SE17","Envira Basurinha",2026-05-22,"22:06",160,2026-05-22 22:06:00,0.949777452324625,"HM","AICc",0.937112345871272,0.99903950559968,3.24939243405014e-269,1.81021065618254,0.949777452324625,0.9989910612675,1.85574036096816,"","",179,0.827084191052262,0.0161720372552118,1.0135150353201,68.2055151745904,"HM","",52.1868785517073,0.994757033823136,5.55259112679088e-204,236.030134124992,68.2055151745904,0.999795579104856,46.6059717954525,"Noise (LM.MAE)","Noise (HM.MAE)",179,0.827084191052262,0.0027723492437506,1.306947590418,600,1.26350382616539,28,101.3
"SE27_40cm","SE27","Biorana Branca",2026-05-22,"21:23",40,2026-05-22 21:23:00,1.94381276477416,"HM","",1.42910702948217,0.961354281222011,1.71700159580057e-242,34.1639946527091,1.94381276477416,0.96757360155639,31.2944489048791,"Noise (LM.MAE)","Noise (HM.MAE)",342,0.826752221998104,0.00846091455261218,1.36015898366863,34.9394198115017,"HM","",31.5095952964507,0.99485638517263,0,270.155666663146,34.9394198115017,0.995557747810847,251.062278993498,"Noise (LM.MAE)","Noise (HM.MAE)",342,0.826752221998104,0.00145044249473352,1.10885016080919,600,1.26350382616539,28,101.3
"SE27_80cm","SE27","Biorana Branca",2026-05-22,"21:32",80,2026-05-22 21:32:00,1.93713050594238,"HM","",1.50439014964028,0.995112649871696,7.04544188785634e-164,5.21113565054949,1.93713050594238,0.999738509570777,1.20537880561691,"Noise (LM.MAE)","",142,0.826347191857406,0.0203677124753586,1.28765168158377,12.4547588817831,"HM","",9.89201980756154,0.996154499595935,3.6244691824212e-171,30.378824880593,12.4547588817831,0.999930457944281,4.08524683351916,"Noise (LM.MAE)","Noise (HM.MAE)",142,0.826347191857406,0.00349160785291862,1.25907136500703,600,1.26350382616539,28,101.3
"SE27_160cm","SE27","Biorana Branca",2026-05-22,"21:37",160,2026-05-22 21:37:00,0.899449682070934,"HM","AICc",0.886621155849619,0.999186454390267,5.77703549700175e-288,1.64733943193459,0.899449682070934,0.999152511592711,1.68162859257025,"","",187,0.826791294070682,0.0154747033649593,1.01446900532057,1.07124522133202,"HM","",1.04553648884112,0.999846814754752,0,0.842672886635706,1.07124522133202,0.99988669665545,0.724793741484235,"","",187,0.826791294070682,0.00265280629113588,1.02458903420902,600,1.26350382616539,28,101.3
"SE28A_40cm","SE28A","Sucuba",2026-05-22,"20:47",40,2026-05-22 20:47:00,0.772199876194311,"HM","",0.546501063761839,0.990187344433001,1.26420823639576e-131,2.48154281307323,0.772199876194311,0.998882489560429,0.837441134434877,"","",131,0.825806841256183,0.0220635415602797,1.41298878885775,14.7751334758731,"LM","MAE | AICc",14.7751334758731,0.999703120568948,1.29114104068281e-229,11.6144371673266,14.9416904403113,0.999626847699455,13.0313013453158,"Noise (LM.MAE)","Noise (HM.MAE)",131,0.825806841256183,0.00378232141033366,1.01127278915687,600,1.26350382616539,28,101.3
"SE28A_80cm","SE28A","Sucuba",2026-05-22,"20:50",80,2026-05-22 20:50:00,0.422549729327352,"HM","AICc",0.418670027069767,0.998787721667162,1.2237017916196e-318,1.1138039800716,0.422549729327352,0.998670036661881,1.1671490515453,"","",219,0.82599430779774,0.0132008222707401,1.00926673037652,5.90102089058077,"LM","MAE | AICc",5.90102089058077,0.99923558955631,0,12.4631918130449,5.97267251838324,0.999149164493488,13.153725385575,"Noise (LM.MAE)","Noise (HM.MAE)",219,0.82599430779774,0.00226299810355545,1.01214224269513,600,1.26350382616539,28,101.3
"SE28A_160cm","SE28A","Sucuba",2026-05-22,"20:57",160,2026-05-22 20:57:00,0.38874101371841,"HM","",0.339519383064955,0.994453008142098,3.69332835556114e-161,1.2620320598189,0.38874101371841,0.995763079754606,1.10297779124702,"","",143,0.826461194314312,0.0202280711895111,1.14497443477045,1.26667304825994,"HM","AICc",1.25339595323518,0.996761828022437,1.22183582158735e-177,3.55561958170321,1.26667304825994,0.99665936519793,3.61182391675561,"Noise (LM.MAE)","Noise (HM.MAE)",143,0.826461194314312,0.00346766934677334,1.01059289763183,600,1.26350382616539,28,101.3
"SE32A_40cm","SE32A","Imolongo",2026-05-22,"20:31",40,2026-05-22 20:31:00,1.3384732826433,"HM","AICc",1.26495136892896,0.594632686310594,1.00611668709746e-52,94.5770989216155,1.3384732826433,0.594779405430227,94.5599816997266,"Noise (LM.MAE)","Noise (HM.MAE)",260,0.826145420160949,0.0111211883483205,1.05812232432034,439.881189322243,"HM","",420.166832329649,0.998699754279784,0,1374.67142106541,439.881189322243,0.998845110991844,1295.55636224597,"Noise (LM.MAE)","Noise (HM.MAE)",260,0.826145420160949,0.00190648943114065,1.04692030754376,600,1.26350382616539,28,101.3
"SE32A_80cm","SE32A","Imolongo",2026-05-22,"20:36",80,2026-05-22 20:36:00,0.615000338121166,"HM","AICc",0.610300448180135,0.817913747975519,9.11836223875118e-50,13.1151494953967,0.615000338121166,0.817791414481957,13.1196082571738,"Noise (LM.MAE)","Noise (HM.MAE)",131,0.826370723368615,0.0220786071129019,1.00770094460039,243.728808050619,"LM","MAE | AICc",243.728808050619,0.999196257847174,1.02257310164886e-201,315.1046191274,245.934563246759,0.999069359307977,339.234327701106,"Noise (LM.MAE)","Noise (HM.MAE)",131,0.826370723368615,0.00378490407649747,1.00905003890916,600,1.26350382616539,28,101.3
"SE32A_160cm","SE32A","Imolongo",2026-05-22,"20:39",160,2026-05-22 20:39:00,0.324705734231884,"HM","AICc",0.321313981906484,0.999147946670474,7.38130529785121e-297,0.633964547487523,0.324705734231884,0.999045359332155,0.671307604138627,"","",194,0.826721969023703,0.0149150870700153,1.01055588152521,122.049050486396,"HM","",117.389437236268,0.999754816817257,0,124.206736137648,122.049050486396,0.999857861641761,94.5704505145536,"Noise (LM.MAE)","Noise (HM.MAE)",194,0.826721969023703,0.00255687206914547,1.03969363308855,600,1.26350382616539,28,101.3
"SE32B_40cm","SE32B","Ripeira",2026-05-22,"20:10",40,2026-05-22 20:10:00,4.17456206108629,"LM","MAE | AICc",4.17456206108629,0.988299122040224,1.18979157749932e-157,25.7708253308278,4.21378373778263,0.988185798188557,25.8962755552253,"Noise (LM.MAE)","Noise (HM.MAE)",163,0.82675339009622,0.0177523734069741,1.0093953991155,135.532990572076,"LM","MAE | AICc",135.532990572076,0.998702722148593,1.51638885017318e-234,277.146832613031,137.387051941352,0.998620786060259,285.829087346035,"Noise (LM.MAE)","Noise (HM.MAE)",163,0.82675339009622,0.00304326401262412,1.01367977908147,600,1.26350382616539,28,101.3
"SE32B_80cm","SE32B","Ripeira",2026-05-22,"20:14",80,2026-05-22 20:14:00,5.04935374353612,"HM","",4.40122378236402,0.99722704146715,1.98921390267244e-205,13.0039734734204,5.04935374353612,0.998603223075795,9.22928193836561,"Noise (LM.MAE)","Noise (HM.MAE)",161,0.826863293559664,0.0179752889904275,1.14726130576891,23.899520364017,"HM","",19.5121321292167,0.996075698835273,1.94551467704818e-193,68.6224322349338,23.899520364017,0.998895598577189,36.4039426155297,"Noise (LM.MAE)","Noise (HM.MAE)",161,0.826863293559664,0.00308147811264471,1.22485437294835,600,1.26350382616539,28,101.3
"SE32B_160cm","SE32B","Ripeira",2026-05-22,"20:19",160,2026-05-22 20:19:00,4.31249504858767,"HM","",3.99186116418748,0.999259382438391,2.25044696735382e-271,6.58231765636834,4.31249504858767,0.999674797559865,4.36172953421004,"Noise (LM.MAE)","",174,0.826887013363859,0.0166327847515719,1.0803219027948,1.11622312680419,"LM","MAE | AICc",1.11622312680419,0.994835211391298,7.77410790974113e-199,4.87126386378622,1.12163589779882,0.994634099732753,4.96635155406293,"Noise (LM.MAE)","Noise (HM.MAE)",174,0.826887013363859,0.00285133452884089,1.0048491837023,600,1.26350382616539,28,101.3
"SE33_40cm","SE33","Macuru",2026-05-22,"19:50",40,2026-05-22 19:50:00,0.732690197074109,"HM","AICc",0.728175615148892,0.997615690515904,1.04886950513537e-227,2.1577764499133,0.732690197074109,0.997441681682656,2.23597308530302,"","",174,0.826264292675354,0.0166202587607111,1.00619985321026,20.582062646701,"HM","AICc",20.5808422586734,0.999455511714398,7.28042753259157e-283,29.117134772112,20.582062646701,0.999454801370339,29.1361218158705,"Noise (LM.MAE)","Noise (HM.MAE)",174,0.826264292675354,0.00284918721612191,1.00005929728299,600,1.26350382616539,28,101.3
"SE33_80cm","SE33","Macuru",2026-05-22,"19:55",80,2026-05-22 19:55:00,0.504743245622393,"HM","AICc",0.498373319803381,0.998973022492714,3.49520854684e-253,0.94610615576417,0.504743245622393,0.998869771588162,0.993013562622856,"","",170,0.82637896565977,0.0170136845871129,1.01278143424998,1.93080677813464,"HM","",1.87179950268006,0.999696988220668,1.03466381159116e-297,1.92946684746325,1.93080677813464,0.999764003815951,1.70278593923933,"Noise (LM.MAE)","Noise (HM.MAE)",170,0.82637896565977,0.00291663164350507,1.03152435683955,600,1.26350382616539,28,101.3
"SE33_160cm","SE33","Macuru",2026-05-22,"20:03",160,2026-05-22 20:03:00,0.463716600124897,"HM","AICc",0.459727905072491,0.99607415984552,3.21348262411973e-192,1.60815754159299,0.463716600124897,0.995967493381027,1.63002590228493,"","",160,0.826300887970963,0.0180753319243648,1.00867620827101,0.295500912502581,"HM","",0.272319944380364,0.996567343449771,7.9614459612915e-197,0.890531395869722,0.295500912502581,0.99705501772216,0.824850803158845,"Noise (LM.MAE)","",160,0.826300887970963,0.00309862832989111,1.08512401900993,600,1.26350382616539,28,101.3
"SE40_40cm","SE40","Ripeira",2026-05-22,"19:33",40,2026-05-22 19:33:00,1.36014004144448,"HM","AICc",1.33898456910727,0.999828111158824,7.79600586697241e-279,0.910662529332503,1.36014004144448,0.999820673258448,0.930495308242069,"","",149,0.826404544537699,0.0194121872877983,1.01579963864058,8.3759440729288,"LM","MAE | AICc",8.3759440729288,0.999927345477047,2.5348453597581e-306,3.70340956938358,8.49961427988504,0.999894787154094,4.46380919249074,"Noise (LM.MAE)","Noise (HM.MAE)",149,0.826404544537699,0.00332780353505114,1.01476492749706,600,1.26350382616539,28,101.3
"SE40_80cm","SE40","Ripeira",2026-05-22,"19:38",80,2026-05-22 19:38:00,0.810037895117638,"HM","",0.7969516738155,0.999896512806437,5.09648665362771e-299,0.426032106965501,0.810037895117638,0.999902753426605,0.413211814625688,"","",151,0.826760254696163,0.0191633171618316,1.01642034483658,0.189818497943584,"HM","",0.166902779703537,0.995860635715884,1.14983641162508e-179,0.565418232206952,0.189818497943584,0.997049813797441,0.477339856444912,"","",151,0.826760254696163,0.00328514008488541,1.13729979980412,600,1.26350382616539,28,101.3
"SE40_160cm","SE40","Ripeira",2026-05-22,"19:42",160,2026-05-22 19:42:00,0.822429430030002,"HM","AICc",0.814463180686607,0.994027506152123,5.27307514064496e-111,2.19262808876458,0.822429430030002,0.993878685728148,2.21998039030756,"","",100,0.826903938432477,0.0289416378451367,1.00978098154993,0.0516329121678422,"HM","AICc",0.0511531558912433,0.990566203901419,2.82362179962127e-101,0.173372844644267,0.0516329121678422,0.990423525541668,0.174689935604739,"","",100,0.826903938432477,0.00496142363059486,1.00937882068545,600,1.26350382616539,28,101.3
"SE58_40cm","SE58","Caujarana",2026-05-22,"19:01",40,2026-05-22 19:01:00,1.03613701722094,"HM","AICc",1.02148387789608,0.999836789461678,0,0.969020785158129,1.03613701722094,0.999799844516267,1.07389693337934,"","",213,0.826162142452505,0.0135754342656515,1.01434495408291,47.3842791778476,"LM","MAE | AICc",47.3842791778476,0.999754123639071,0,55.1744501556082,48.1087480822257,0.999702460620425,60.6993345341104,"Noise (LM.MAE)","Noise (HM.MAE)",213,0.826162142452505,0.00232721730268311,1.01528922496972,600,1.26350382616539,28,101.3
"SE58_80cm","SE58","Caujarana",2026-05-22,"19:05",80,2026-05-22 19:05:00,1.06333026489729,"HM","",0.861742575232598,0.995633230946123,4.03039264404644e-166,2.80196312561557,1.06333026489729,0.998659963142286,1.55217496892699,"","",141,0.82603738173527,0.0205044740147053,1.23393028899643,35.8747087081616,"HM","",31.4393283308604,0.998643756081343,2.04666853428856e-201,56.8847700751337,35.8747087081616,0.999848489496007,19.0129049272484,"Noise (LM.MAE)","Noise (HM.MAE)",141,0.82603738173527,0.00351505268823519,1.14107745339291,600,1.26350382616539,28,101.3
"SE58_160cm","SE58","Caujarana",2026-05-22,"19:09",160,2026-05-22 19:09:00,0.772208391664016,"HM","",0.737735219259885,0.999210805959808,1.31952444103963e-301,1.40837500412579,0.772208391664016,0.999352324384034,1.2758663504507,"","",195,0.826534010875572,0.0148352258362282,1.04672838100195,15.9930454269446,"LM","MAE | AICc",15.9930454269446,0.999982410274082,0,4.55637903714018,16.2344213237798,0.999959751630116,6.9096523615178,"Noise (LM.MAE)","Noise (HM.MAE)",195,0.826534010875572,0.00254318157192484,1.01509255369391,600,1.26350382616539,28,101.3
"SE59_40cm","SE59","Macucú",2026-05-22,"19:16",40,2026-05-22 19:16:00,0.888847278711631,"HM","",0.802060236048245,0.998949962330333,2.45963126637078e-258,1.57721086944529,0.888847278711631,0.999667494625557,0.887537386635934,"","",174,0.825731974772189,0.016609551216682,1.10820514315856,23.2168884446829,"HM","",22.5370697769904,0.999788121639011,4.07867988873908e-318,19.8994018392613,23.2168884446829,0.999847532463727,16.8805040693693,"Noise (LM.MAE)","Noise (HM.MAE)",174,0.825731974772189,0.00284735163714548,1.03016446567453,600,1.26350382616539,28,101.3
"SE59_80cm","SE59","Macucú",2026-05-22,"19:21",80,2026-05-22 19:21:00,0.788453691537248,"HM","AICc",0.777339593768954,0.999872113427433,5.15930506763688e-298,0.471667704108141,0.788453691537248,0.999827952217232,0.547717094583304,"","",154,0.825870081287302,0.0187697745747114,1.01429760925261,3.74778028584034,"HM","",3.47357454764058,0.999564933822192,1.33096021489939e-257,3.88806438498174,3.74778028584034,0.999962002182828,1.14903990423235,"Noise (LM.MAE)","Noise (HM.MAE)",154,0.825870081287302,0.0032176756413791,1.07894050766408,600,1.26350382616539,28,101.3
"SE59_160cm","SE59","Macucú",2026-05-22,"19:25",160,2026-05-22 19:25:00,0.789977897842953,"HM","AICc",0.780883737831837,0.999602610370869,4.05599069981249e-286,0.916918257179889,0.789977897842953,0.999529040587196,0.998731670525861,"","",169,0.82592743311559,0.0171050060112696,1.01164598463321,0.715486422006345,"HM","",0.594963032913083,0.997228762555703,1.08963508394243e-215,1.84703890589671,0.715486422006345,0.999583728678728,0.715858885588466,"Noise (LM.MAE)","",169,0.82592743311559,0.00293228674478908,1.20257290356873,600,1.26350382616539,28,101.3
"SE8A_40cm","SE8A","Araca Peua",2026-05-22,"21:44",40,2026-05-22 21:44:00,0.519096246670904,"HM","",0.431641845032381,0.996420535478945,4.4683551498386e-150,1.1070436469821,0.519096246670904,0.998746274256722,0.655174498078441,"","",123,0.826329016898244,0.0235134273101126,1.2026087198102,0.656801614656066,"HM","",0.510829767504378,0.99510253461387,7.72153285997064e-142,1.5334835085946,0.656801614656066,0.999500359829298,0.48980373924078,"Noise (LM.MAE)","",123,0.826329016898244,0.00403087325316216,1.28575438715097,600,1.26350382616539,28,101.3
"SE8A_80cm","SE8A","Araca Peua",2026-05-22,"21:48",80,2026-05-22 21:48:00,0.442159525649857,"HM","",0.425120394124613,0.992034323609186,4.81113090320202e-170,2.14844920393529,0.442159525649857,0.992143497455285,2.13367558775189,"","",162,0.826584335371066,0.0178583035419675,1.0400807200989,0.177388042528897,"LM","g-fact. > 2",0.177388042528897,0.867199488595751,2.94467389999516e-72,3.91321999663278,0.42775977751333,0.936850213323393,2.69848702549897,"Noise (LM.MAE)","Noise (HM.MAE) | Exaggerated curvature (g-fact)",162,0.826584335371066,0.00306142346433728,2.41143524340795,600,1.26350382616539,28,101.3
"SE8A_160cm","SE8A","Araca Peua",2026-05-22,"21:52",160,2026-05-22 21:52:00,0.294034463419882,"HM","AICc",0.291287031942559,0.998732270332762,1.07424897629986e-268,0.672169534220547,0.294034463419882,0.998588878273512,0.709567553580893,"","",186,0.826739548431747,0.0155569269866189,1.00943204185576,0.0525150168375623,"HM","AICc",0.0520366832954388,0.996689123549657,2.4425529713441e-230,0.194252991219795,0.0525150168375623,0.996542873610563,0.198544102328987,"","",186,0.826739548431747,0.00266690176913467,1.00919223731858,600,1.26350382616539,28,101.3
"SW22_40cm","SW22","Biorana Branca",2026-05-25,"21:02",40,2026-05-25 21:02:00,1.47816733781121,"HM","",1.3483071354854,0.998614850576315,0,5.74879200483563,1.47816733781121,0.999179661169117,4.42409982464045,"Noise (LM.MAE)","Noise (HM.MAE)",327,0.823281952448111,0.00881188634118773,1.09631351708234,23.9730450807867,"HM","",20.5016792401567,0.996689080569427,0,135.276096257319,23.9730450807867,0.99832113509713,96.3284630135091,"Noise (LM.MAE)","Noise (HM.MAE)",327,0.823281952448111,0.00151060908706075,1.16932104926462,600,1.26350382616539,28,101.3
"SW22_80cm","SW22","Biorana Branca",2026-05-25,"21:09",80,2026-05-25 21:09:00,1.16607285531955,"HM","",1.13769613491974,0.99842740253625,5.38167638429412e-218,2.46300687584828,1.16607285531955,0.998468347813093,2.43073109353488,"","",156,0.822864932900637,0.0184617132381553,1.02494226668162,2.00925916500197,"HM","AICc",1.98148581668851,0.999226224754369,1.03403761602603e-241,3.00785153466651,2.00925916500197,0.999154218494019,3.14568534896332,"Noise (LM.MAE)","Noise (HM.MAE)",156,0.822864932900637,0.00316486512654091,1.0140164254922,600,1.26350382616539,28,101.3
"SW22_160cm","SW22","Biorana Branca",2026-05-25,"21:15",160,2026-05-25 21:15:00,0.930475379080953,"HM","AICc",0.916237219508593,0.99910863716547,3.04262168773067e-223,1.40616014650987,0.930475379080953,0.999099431786654,1.41351549390146,"","",147,0.823032448905735,0.0195960106882318,1.01553981793055,0.242803525567198,"HM","",0.168913135531865,0.989878007785183,9.7286881389911e-147,0.8776021029764,0.242803525567198,0.999270649330873,0.235576979264344,"Noise (LM.MAE)","",147,0.823032448905735,0.00335931611798259,1.43744608613575,600,1.26350382616539,28,101.3
"SW61_40cm","SW61","Seringal",2026-05-25,"21:52",40,2026-05-25 21:52:00,1.44274308743399,"HM","",1.28191361605822,0.987349899065319,1.27004004444618e-255,13.6674260645523,1.44274308743399,0.988346893323428,13.1177877292005,"Noise (LM.MAE)","Noise (HM.MAE)",269,0.822848702215655,0.0107062098801293,1.12546045955133,405.869942353753,"HM","AICc",405.837987025282,0.999249079550184,0,1047.94641165354,405.869942353753,0.999250301278212,1047.09662247031,"Noise (LM.MAE)","Noise (HM.MAE)",269,0.822848702215655,0.00183535026516503,1.00007873912618,600,1.26350382616539,28,101.3
"SW61_80cm","SW61","Seringal",2026-05-25,"21:59",80,2026-05-25 21:59:00,0.864446525384485,"HM","AICc",0.85209410075689,0.962419892574597,1.51047209082923e-142,11.7182075152009,0.864446525384485,0.962385628141742,11.7235897471659,"Noise (LM.MAE)","Noise (HM.MAE)",199,0.823261404656525,0.0144794719411952,1.01449654987239,126.53131265032,"LM","MAE | AICc",126.53131265032,0.998769796856189,7.95314922506611e-289,309.080859142417,127.708809647367,0.998648685998986,324.041334958837,"Noise (LM.MAE)","Noise (HM.MAE)",199,0.823261404656525,0.00248219518991917,1.00930597314121,600,1.26350382616539,28,101.3
"SW61_160cm","SW61","Seringal",2026-05-25,"22:06",160,2026-05-25 22:06:00,0.826240265805667,"HM","AICc",0.812888235379934,0.998433234816481,3.49561325745599e-319,2.56715475324477,0.826240265805667,0.998426495629588,2.57276218518433,"","",228,0.823760696310767,0.0126454492854723,1.01642541968822,50.2648241852376,"HM","",48.7195140779916,0.999379455621784,0,96.7840605876097,50.2648241852376,0.999445685969586,91.4735116595332,"Noise (LM.MAE)","Noise (HM.MAE)",228,0.823760696310767,0.00216779130608097,1.03171850410438,600,1.26350382616539,28,101.3
"W10_40cm","W10","Seringa Barriguda",2026-05-27,"16:20",40,2026-05-27 16:20:00,1.02465442526045,"LM","MAE | AICc",1.02465442526045,0.975602498408558,9.81248901691713e-263,18.442881433389,1.02952292647165,0.975394451961038,18.5220153442797,"Noise (LM.MAE)","Noise (HM.MAE)",325,0.82297671929394,0.00886282620778089,1.00475135918138,168.505678874056,"LM","MAE | AICc",168.505678874056,0.999857144095806,0,229.259032062417,170.927018489849,0.999809700049868,264.93719532606,"Noise (LM.MAE)","Noise (HM.MAE)",325,0.82297671929394,0.00151934163561958,1.01436948375849,600,1.26350382616539,28,101.3
"W10_70cm","W10","Seringa Barriguda",2026-05-27,"16:28",70,2026-05-27 16:28:00,0.53558036928321,"HM","",0.451834538032977,0.995847583908579,5.75779046959351e-269,2.30812806537974,0.53558036928321,0.997817601522027,1.673310337757,"","",226,0.822840784538199,0.0127431094950606,1.18534623673262,106.05212278681,"HM","",102.896471308584,0.999754058480182,0,127.673301092843,106.05212278681,0.999815873338518,110.469528580134,"Noise (LM.MAE)","Noise (HM.MAE)",226,0.822840784538199,0.0021845330562961,1.03066821862882,600,1.26350382616539,28,101.3
"W23a_40cm","W23a","Caraipé",2026-05-27,"16:41",40,2026-05-27 16:41:00,1.31384134959148,"HM","",1.16895969394099,0.998946571666479,0,4.57359346280932,1.31384134959148,0.999877316266518,1.56080465914425,"Noise (LM.MAE)","",344,0.823009134655664,0.00837363945143844,1.12394067682697,15.0121988043827,"HM","",13.2868103460782,0.998809023118285,0,55.2786897159886,15.0121988043827,0.999823846329377,21.2594450303542,"Noise (LM.MAE)","Noise (HM.MAE)",344,0.823009134655664,0.00143548104881802,1.12985723536077,600,1.26350382616539,28,101.3
"W23a_80cm","W23a","Caraipé",2026-05-27,"16:49",80,2026-05-27 16:49:00,1.0506404630257,"HM","",1.01403211580574,0.999879057969429,0,1.0897220670044,1.0506404630257,0.9999642979748,0.592070664659401,"","",279,0.82277111954144,0.0103215014996238,1.03610176309936,11.6708136879824,"HM","",11.3099302782925,0.999926610034686,0,9.46767599145247,11.6708136879824,0.999993566073818,2.80325807926036,"Noise (LM.MAE)","Noise (HM.MAE)",279,0.82277111954144,0.00176940025707837,1.03190854415633,600,1.26350382616539,28,101.3
"W5_40cm","W5","Macucú",2026-05-27,"16:11",40,2026-05-27 16:11:00,1.07083306620853,"HM","AICc",1.05394508615051,0.999747184953637,1.04169573087307e-201,0.661154688750538,1.07083306620853,0.999745796402662,0.663071241999414,"","",113,0.823178590674919,0.025496682012055,1.01602358631388,62.0570856489859,"HM","AICc",62.0526704172522,0.999925437816453,3.8629986856481e-231,21.1380566360546,62.0570856489859,0.999925198723835,21.1719204949062,"Noise (LM.MAE)","Noise (HM.MAE)",113,0.823178590674919,0.00437085977349514,1.00007115296899,600,1.26350382616539,28,101.3
"W5_80cm","W5","Macucú",2026-05-27,"16:14",80,2026-05-27 16:14:00,1.11582006260328,"HM","",1.07030465850382,0.999703574209046,1.30239651791519e-252,0.927823641376349,1.11582006260328,0.999823722990146,0.715492817101715,"","",144,0.822813583443777,0.0199989412642585,1.04252565261473,41.8296976518953,"HM","",38.8799862252485,0.999545215668798,2.05556796404674e-239,41.7506300247925,41.8296976518953,0.999914364152026,18.1170752420173,"Noise (LM.MAE)","Noise (HM.MAE)",144,0.822813583443777,0.00342838993101574,1.07586709032143,600,1.26350382616539,28,101.3
